2018-07-21  14:51:00,116.31.116.28
2018-07-21  14:51:21,117.21.173.4
2018-07-21  14:51:41,118.244.158.237
2018-07-21  14:52:01,119.147.137.10
2018-07-21  14:52:22,120.24.226.229
2018-07-21  14:52:42,121.18.238.10
2018-07-21  14:53:02,121.18.238.11
2018-07-21  14:53:23,121.18.238.12
2018-07-21  14:53:43,121.18.238.19
2018-07-21  14:54:04,121.18.238.20
2018-07-21  14:54:24,121.18.238.22
2018-07-21  14:54:45,121.18.238.31
2018-07-21  14:55:05,121.18.238.32
2018-07-21  14:55:26,121.18.238.6
2018-07-21  14:55:46,121.18.238.7
2018-07-21  14:56:06,121.18.238.8
2018-07-21  14:56:27,121.18.238.9
2018-07-21  14:56:47,121.54.169.125
2018-07-21  14:57:08,122.194.229.6
2018-07-21  14:57:28,122.226.131.132
2018-07-21  14:57:48,123.16.189.200
2018-07-21  14:58:09,124.224.177.182
2018-07-21  14:58:29,125.88.146.116
2018-07-21  14:58:49,125.88.146.119
2018-07-21  14:59:10,125.88.177.87
2018-07-21  14:59:30,125.88.177.90
2018-07-21  14:59:50,125.88.177.93
2018-07-21  15:00:11,125.88.177.98
2018-07-21  15:00:31,173.254.236.13
2018-07-21  15:00:51,175.126.103.65
2018-07-21  15:01:12,180.97.215.79
2018-07-21  15:01:32,183.3.202.108
2018-07-21  15:01:52,183.3.202.109
2018-07-21  15:02:13,183.3.202.119
2018-07-21  15:02:33,183.3.202.143
2018-07-21  15:02:54,183.3.202.185
2018-07-21  15:03:14,183.3.202.187
2018-07-21  15:03:34,183.3.202.189
2018-07-21  15:03:55,183.3.202.200
2018-07-21  15:04:15,183.3.202.201
2018-07-21  15:04:35,185.103.252.14
2018-07-21  15:04:56,200.40.132.6
2018-07-21  15:05:16,202.106.52.86
2018-07-21  15:05:36,212.129.59.201
2018-07-21  15:05:57,212.91.171.178
2018-07-21  15:06:17,218.65.30.152
2018-07-21  15:06:37,218.89.132.53
2018-07-21  15:06:58,219.157.254.127
2018-07-21  15:07:18,221.181.73.34
2018-07-21  15:07:38,221.194.44.194
2018-07-21  15:07:59,221.194.44.216
2018-07-21  15:08:19,221.194.44.218
2018-07-21  15:08:40,221.194.44.219
2018-07-21  15:09:00,221.194.44.223
2018-07-21  15:09:21,221.194.44.227
2018-07-21  15:09:41,221.229.162.7
2018-07-21  15:10:01,221.229.166.101
2018-07-21  15:10:22,221.229.172.102
2018-07-21  15:10:42,221.229.172.7
2018-07-21  15:11:03,221.232.129.51
2018-07-21  15:11:23,222.171.202.10
2018-07-21  15:11:43,222.186.129.243
2018-07-21  15:12:04,222.186.15.79
2018-07-21  15:12:24,222.186.21.101
2018-07-21  15:12:44,222.186.21.212
2018-07-21  15:13:05,222.186.21.72
2018-07-21  15:13:25,222.186.21.80
2018-07-21  15:13:45,222.186.21.90
2018-07-21  15:14:06,222.186.23.100
2018-07-21  15:14:26,222.186.30.211
2018-07-21  15:14:46,222.186.31.181
2018-07-21  15:15:07,222.186.34.143
2018-07-21  15:15:27,222.186.34.200
2018-07-21  15:15:47,222.186.34.225
2018-07-21  15:16:08,222.186.34.73
2018-07-21  15:16:28,222.186.42.174
2018-07-21  15:16:48,222.186.51.178
2018-07-21  15:17:09,222.186.56.92
2018-07-21  15:17:29,223.105.0.130
2018-07-21  15:17:50,23.92.179.118
2018-07-21  15:18:10,27.74.252.208
2018-07-21  15:18:30,45.35.20.209
2018-07-21  15:18:51,58.218.199.166
2018-07-21  15:19:11,58.218.199.96
2018-07-21  15:19:31,58.218.204.107
2018-07-21  15:19:52,58.218.204.211
2018-07-21  15:20:12,58.218.204.215
2018-07-21  15:20:32,58.218.204.23
2018-07-21  15:20:53,58.218.204.30
2018-07-21  15:21:13,58.218.204.32
2018-07-21  15:21:33,58.218.204.80
2018-07-21  15:21:54,58.218.205.101
2018-07-21  15:22:14,58.218.205.97
2018-07-21  15:22:34,58.218.211.11
2018-07-21  15:22:55,58.218.211.17
2018-07-21  15:23:15,58.218.211.244
2018-07-21  15:23:35,59.51.24.186
2018-07-21  15:23:56,61.161.219.110
2018-07-21  15:24:16,64.211.24.227
2018-07-21  15:24:36,89.238.64.148
2018-07-21  15:24:57,91.224.160.10
2018-07-21  15:25:17,91.224.161.39
2019-04-01  07:37:23,1.85.62.39
2019-04-01  07:37:43,101.227.249.53
2019-04-01  07:38:04,104.148.71.143
2019-04-01  07:38:24,104.217.216.147
2019-04-01  07:38:44,104.238.141.45
2019-04-01  07:39:05,112.64.154.126
2019-04-01  07:39:25,112.85.218.11
2019-04-01  07:39:45,115.231.16.66
2019-04-01  07:40:06,115.231.217.119
2019-04-01  07:40:26,116.196.15.91
2019-04-01  07:40:47,116.31.116.24
2019-04-01  07:41:07,116.31.116.25
2019-04-01  07:41:27,116.31.116.26
2019-04-01  07:41:49,116.31.116.27
2019-04-01  07:42:09,116.31.116.28
2019-04-01  07:42:29,117.21.173.4
2019-04-01  07:42:50,118.244.158.237
2019-04-01  07:43:08,119.147.137.10
2019-04-01  07:43:08,120.24.226.229
2019-04-01  07:43:09,121.18.238.10
2019-04-01  07:43:10,121.18.238.11
2019-04-01  07:43:11,121.18.238.12
2019-04-01  07:43:11,121.18.238.19
2019-04-01  07:43:13,121.18.238.20
2019-04-01  07:43:14,121.18.238.22
2019-04-01  07:43:17,121.18.238.31
2019-04-01  07:43:18,121.18.238.32
2019-04-01  07:43:18,121.18.238.6
2019-04-01  07:43:19,121.18.238.7
2019-04-01  07:43:20,121.18.238.8
2019-04-01  07:43:20,121.18.238.9
2019-04-01  07:43:22,121.54.169.125
2019-04-01  07:43:23,122.194.229.6
2019-04-01  07:43:24,122.226.131.132
2019-04-01  07:43:24,123.16.189.200
2019-04-01  07:43:25,124.224.177.182
2019-04-01  07:43:25,125.88.146.116
2019-04-01  07:43:26,125.88.146.119
2019-04-01  07:43:26,125.88.177.87
2019-04-01  07:43:27,125.88.177.90
2019-04-01  07:43:27,125.88.177.93
2019-04-01  07:43:27,125.88.177.98
2019-04-01  07:43:28,173.254.236.13
2019-04-01  07:43:29,175.126.103.65
2019-04-01  07:43:29,180.97.215.79
2019-04-01  07:43:30,183.3.202.108
2019-04-01  07:43:30,183.3.202.109
2019-04-01  07:43:30,183.3.202.119
2019-04-01  07:43:31,183.3.202.143
2019-04-01  07:43:31,183.3.202.185
2019-04-01  07:43:32,183.3.202.187
2019-04-01  07:43:32,183.3.202.189
2019-04-01  07:43:33,183.3.202.200
2019-04-01  07:43:33,183.3.202.201
2019-04-01  07:43:34,185.103.252.14
2019-04-01  07:43:34,200.40.132.6
2019-04-01  07:43:35,202.106.52.86
2019-04-01  07:43:35,212.129.59.201
2019-04-01  07:43:36,212.91.171.178
2019-04-01  07:43:36,218.65.30.152
2019-04-01  07:43:37,218.89.132.53
2019-04-01  07:43:37,219.157.254.127
2019-04-01  07:43:38,221.181.73.34
2019-04-01  07:43:38,221.194.44.194
2019-04-01  07:43:39,221.194.44.216
2019-04-01  07:43:39,221.194.44.218
2019-04-01  07:43:40,221.194.44.219
2019-04-01  07:43:41,221.194.44.223
2019-04-01  07:43:41,221.194.44.227
2019-04-01  07:43:42,221.229.162.7
2019-04-01  07:43:42,221.229.166.101
2019-04-01  07:43:43,221.229.172.102
2019-04-01  07:43:43,221.229.172.7
2019-04-01  07:43:43,221.232.129.51
2019-04-01  07:43:44,222.171.202.10
2019-04-01  07:43:44,222.186.129.243
2019-04-01  07:43:45,222.186.15.79
2019-04-01  07:43:45,222.186.21.101
2019-04-01  07:43:46,222.186.21.212
2019-04-01  07:43:46,222.186.21.72
2019-04-01  07:43:46,222.186.21.80
2019-04-01  07:43:47,222.186.21.90
2019-04-01  07:43:47,222.186.23.100
2019-04-01  07:43:48,222.186.30.211
2019-04-01  07:43:48,222.186.31.181
2019-04-01  07:43:49,222.186.34.143
2019-04-01  07:43:49,222.186.34.200
2019-04-01  07:43:49,222.186.34.225
2019-04-01  07:43:50,222.186.34.73
2019-04-01  07:43:50,222.186.42.174
2019-04-01  07:43:51,222.186.51.178
2019-04-01  07:43:51,222.186.56.92
2019-04-01  07:43:52,223.105.0.130
2019-04-01  07:43:52,23.92.179.118
2019-04-01  07:43:53,27.74.252.208
2019-04-01  07:43:53,45.35.20.209
2019-04-01  07:43:54,58.218.199.166
2019-04-01  07:43:55,58.218.199.96
2019-04-01  07:43:55,58.218.204.107
2019-04-01  07:43:55,58.218.204.211
2019-04-01  07:43:56,58.218.204.215
2019-04-01  07:43:56,58.218.204.23
2019-04-01  07:43:57,58.218.204.30
2019-04-01  07:43:57,58.218.204.32
2019-04-01  07:43:58,58.218.204.80
2019-04-01  07:43:58,58.218.205.101
2019-04-01  07:43:58,58.218.205.97
2019-04-01  07:43:59,58.218.211.11
2019-04-01  07:43:59,58.218.211.17
2019-04-01  07:44:00,58.218.211.244
2019-04-01  07:44:00,59.51.24.186
2019-04-01  07:44:01,61.161.219.110
2019-04-01  07:44:01,64.211.24.227
2019-04-01  07:44:02,89.238.64.148
2019-04-01  07:44:02,91.224.160.10
2019-04-01  07:44:03,91.224.161.39
2019-06-18  13:03:47,1.85.62.39
2019-06-18  13:04:08,101.227.249.53
2019-06-18  13:04:28,104.148.71.143
2019-06-18  13:04:48,104.217.216.147
2019-06-18  13:05:09,104.238.141.45
2019-06-18  13:05:29,112.64.154.126
2019-06-18  13:05:49,112.85.218.11
2019-06-18  13:06:10,115.231.16.66
2019-06-18  13:06:30,115.231.217.119
2019-06-18  13:06:50,116.196.15.91
2019-06-18  13:07:11,116.31.116.24
2019-06-18  13:07:31,116.31.116.25
2019-06-18  13:07:52,116.31.116.26
2019-06-18  13:08:13,116.31.116.27
2019-06-18  13:08:33,116.31.116.28
2020-06-22  23:11:21,116.31.116.28
2020-06-22  23:11:42,117.21.173.4
2020-06-22  23:12:02,118.244.158.237
2020-06-22  23:12:23,119.147.137.10
2020-06-22  23:12:43,120.24.226.229
2020-06-22  23:13:03,121.18.238.10
2020-06-22  23:13:24,121.18.238.11
2020-06-22  23:13:44,121.18.238.12
2020-06-22  23:14:04,121.18.238.19
2020-06-22  23:14:25,121.18.238.20
2020-06-22  23:14:46,121.18.238.22
2020-06-22  23:15:07,121.18.238.31
2020-06-22  23:15:27,121.18.238.32
2020-06-22  23:15:47,121.18.238.6
2020-06-22  23:16:08,121.18.238.7
2020-06-22  23:16:28,121.18.238.8
2020-06-22  23:16:48,121.18.238.9
2020-06-22  23:17:09,121.54.169.125
2020-06-22  23:17:29,122.194.229.6
2020-06-22  23:17:49,122.226.131.132
2020-06-22  23:18:10,123.16.189.200
2020-06-22  23:18:30,124.224.177.182
2020-06-22  23:18:50,125.88.146.116
2020-06-22  23:19:11,125.88.146.119
2020-06-22  23:19:31,125.88.177.87
2020-06-22  23:19:52,125.88.177.90
2020-06-22  23:20:12,125.88.177.93
2020-06-22  23:20:32,125.88.177.98
2020-06-22  23:20:52,173.254.236.13
2020-06-22  23:21:13,175.126.103.65
2020-06-22  23:21:33,180.97.215.79
2020-06-22  23:21:54,183.3.202.108
2020-06-22  23:22:14,183.3.202.109
2020-06-22  23:22:34,183.3.202.119
2020-06-22  23:22:55,183.3.202.143
2020-06-22  23:23:15,183.3.202.185
2020-06-22  23:23:35,183.3.202.187
2020-06-22  23:23:56,183.3.202.189
2020-06-22  23:24:16,183.3.202.200
2020-06-22  23:24:36,183.3.202.201
2020-06-22  23:24:57,185.103.252.14
2020-06-22  23:25:17,200.40.132.6
2020-06-22  23:25:37,202.106.52.86
2020-06-22  23:25:58,212.129.59.201
2020-06-22  23:26:18,212.91.171.178
2020-06-22  23:26:39,218.65.30.152
2020-06-22  23:26:59,218.89.132.53
2020-06-22  23:27:19,219.157.254.127
2020-06-22  23:27:40,221.181.73.34
2020-06-22  23:28:00,221.194.44.194
2020-06-22  23:28:20,221.194.44.216
2020-06-22  23:28:41,221.194.44.218
2020-06-22  23:29:01,221.194.44.219
2020-06-22  23:29:22,221.194.44.223
2020-06-22  23:29:42,221.194.44.227
2020-06-22  23:30:03,221.229.162.7
2020-06-22  23:30:23,221.229.166.101
2020-06-22  23:30:43,221.229.172.102
2020-06-22  23:31:04,221.229.172.7
2020-06-22  23:31:24,221.232.129.51
2020-06-22  23:31:44,222.171.202.10
2020-06-22  23:32:05,222.186.129.243
2020-06-22  23:32:25,222.186.15.79
2020-06-22  23:32:45,222.186.21.101
2020-06-22  23:33:06,222.186.21.212
2020-06-22  23:33:26,222.186.21.72
2020-06-22  23:33:47,222.186.21.80
2020-06-22  23:34:07,222.186.21.90
2020-06-22  23:34:27,222.186.23.100
2020-06-22  23:34:48,222.186.30.211
2020-06-22  23:35:08,222.186.31.181
2020-06-22  23:35:28,222.186.34.143
2020-06-22  23:35:49,222.186.34.200
2020-06-22  23:36:09,222.186.34.225
2020-06-22  23:36:29,222.186.34.73
2020-06-22  23:36:50,222.186.42.174
2020-06-22  23:37:10,222.186.51.178
2020-06-22  23:37:30,222.186.56.92
2020-06-22  23:37:51,223.105.0.130
2020-06-22  23:38:11,23.92.179.118
2020-06-22  23:38:32,27.74.252.208
2020-06-22  23:38:52,45.35.20.209
2020-06-22  23:39:12,58.218.199.166
2020-06-22  23:39:33,58.218.199.96
2020-06-22  23:39:53,58.218.204.107
2020-06-22  23:40:13,58.218.204.211
2020-06-22  23:40:34,58.218.204.215
2020-06-22  23:40:54,58.218.204.23
2020-06-22  23:41:14,58.218.204.30
2020-06-22  23:41:35,58.218.204.32
2020-06-22  23:41:55,58.218.204.80
2020-06-22  23:42:15,58.218.205.101
2020-06-22  23:42:36,58.218.205.97
2020-06-22  23:42:56,58.218.211.11
2020-06-22  23:43:17,58.218.211.17
2020-06-22  23:43:37,58.218.211.244
2020-06-22  23:43:57,59.51.24.186
2020-06-22  23:44:18,61.161.219.110
2020-06-22  23:44:38,64.211.24.227
2020-06-22  23:44:58,89.238.64.148
2020-06-22  23:45:19,91.224.160.10
2020-06-22  23:45:39,91.224.161.39
2020-06-25  16:42:13,1.85.62.39
2020-06-25  16:42:13,101.227.249.53
2020-06-25  16:42:13,104.148.71.143
2020-06-25  16:42:14,104.217.216.147
2020-06-25  16:42:14,104.238.141.45
2020-06-25  16:42:14,112.64.154.126
2020-06-25  16:42:14,112.85.218.11
2020-06-25  16:42:15,115.231.16.66
2020-06-25  16:42:15,115.231.217.119
2020-06-25  16:42:15,116.196.15.91
2020-06-25  16:42:15,116.31.116.24
2020-06-25  16:42:15,116.31.116.25
2020-06-25  16:42:16,116.31.116.26
2020-06-25  16:42:16,116.31.116.27
2020-06-25  16:42:16,116.31.116.28
2020-06-25  16:42:16,117.21.173.4
2020-06-25  16:42:16,118.244.158.237
2020-06-25  16:42:17,119.147.137.10
2020-06-25  16:42:17,120.24.226.229
2020-06-25  16:42:17,121.18.238.10
2020-06-25  16:42:17,121.18.238.11
2020-06-25  16:42:18,121.18.238.12
2020-06-25  16:42:18,121.18.238.19
2020-06-25  16:42:18,121.18.238.20
2020-06-25  16:42:18,121.18.238.22
2020-06-25  16:42:18,121.18.238.31
2020-06-25  16:42:19,121.18.238.32
2020-06-25  16:42:19,121.18.238.6
2020-06-25  16:42:19,121.18.238.7
2020-06-25  16:42:19,121.18.238.8
2020-06-25  16:42:20,121.18.238.9
2020-06-25  16:42:20,121.54.169.125
2020-06-25  16:42:20,122.194.229.6
2020-06-25  16:42:20,122.226.131.132
2020-06-25  16:42:20,123.16.189.200
2020-06-25  16:42:21,124.224.177.182
2020-06-25  16:42:21,125.88.146.116
2020-06-25  16:42:21,125.88.146.119
2020-06-25  16:42:21,125.88.177.87
2020-06-25  16:42:21,125.88.177.90
2020-06-25  16:42:22,125.88.177.93
2020-06-25  16:42:22,125.88.177.98
2020-06-25  16:42:22,173.254.236.13
2020-06-25  16:42:22,175.126.103.65
2020-06-25  16:42:23,180.97.215.79
2020-06-25  16:42:23,183.3.202.108
2020-06-25  16:42:23,183.3.202.109
2020-06-25  16:42:23,183.3.202.119
2020-06-25  16:42:23,183.3.202.143
2020-06-25  16:42:24,183.3.202.185
2020-06-25  16:42:24,183.3.202.187
2020-06-25  16:42:24,183.3.202.189
2020-06-25  16:42:24,183.3.202.200
2020-06-25  16:42:24,183.3.202.201
2020-06-25  16:42:25,185.103.252.14
2020-06-25  16:42:25,200.40.132.6
2020-06-25  16:42:25,202.106.52.86
2020-06-25  16:42:25,212.129.59.201
2020-06-25  16:42:26,212.91.171.178
2020-06-25  16:42:26,218.65.30.152
2020-06-25  16:42:26,218.89.132.53
2020-06-25  16:42:26,219.157.254.127
2020-06-25  16:42:26,221.181.73.34
2020-06-25  16:42:27,221.194.44.194
2020-06-25  16:42:27,221.194.44.216
2020-06-25  16:42:27,221.194.44.218
2020-06-25  16:42:27,221.194.44.219
2020-06-25  16:42:28,221.194.44.223
2020-06-25  16:42:28,221.194.44.227
2020-06-25  16:42:28,221.229.162.7
2020-06-25  16:42:28,221.229.166.101
2020-06-25  16:42:28,221.229.172.102
2020-06-25  16:42:29,221.229.172.7
2020-06-25  16:42:29,221.232.129.51
2020-06-25  16:42:29,222.171.202.10
2020-06-25  16:42:29,222.186.129.243
2020-06-25  16:42:29,222.186.15.79
2020-06-25  16:42:30,222.186.21.101
2020-06-25  16:42:30,222.186.21.212
2020-06-25  16:42:30,222.186.21.72
2020-06-25  16:42:30,222.186.21.80
2020-06-25  16:42:31,222.186.21.90
2020-06-25  16:42:31,222.186.23.100
2020-06-25  16:42:31,222.186.30.211
2020-06-25  16:42:31,222.186.31.181
2020-06-25  16:42:31,222.186.34.143
2020-06-25  16:42:32,222.186.34.200
2020-06-25  16:42:32,222.186.34.225
2020-06-25  16:42:32,222.186.34.73
2020-06-25  16:42:32,222.186.42.174
2020-06-25  16:42:33,222.186.51.178
2020-06-25  16:42:33,222.186.56.92
2020-06-25  16:42:33,223.105.0.130
2020-06-25  16:42:33,23.92.179.118
2020-06-25  16:42:33,27.74.252.208
2020-06-25  16:42:34,45.35.20.209
2020-06-25  16:42:34,58.218.199.166
2020-06-25  16:42:34,58.218.199.96
2020-06-25  16:42:34,58.218.204.107
2020-06-25  16:42:34,58.218.204.211
2020-06-25  16:42:35,58.218.204.215
2020-06-25  16:42:35,58.218.204.23
2020-06-25  16:42:35,58.218.204.30
2020-06-25  16:42:35,58.218.204.32
2020-06-25  16:42:36,58.218.204.80
2020-06-25  16:42:36,58.218.205.101
2020-06-25  16:42:36,58.218.205.97
2020-06-25  16:42:36,58.218.211.11
2020-06-25  16:42:36,58.218.211.17
2020-06-25  16:42:37,58.218.211.244
2020-06-25  16:42:37,59.51.24.186
2020-06-25  16:42:37,61.161.219.110
2020-06-25  16:42:37,64.211.24.227
2020-06-25  16:42:38,89.238.64.148
2020-06-25  16:42:38,91.224.160.10
2020-06-25  16:42:38,91.224.161.39
2020-06-25  16:45:58,1.85.62.39
2020-06-25  16:46:21,101.227.249.53
2020-06-25  16:46:21,104.148.71.143
2020-06-25  16:46:22,104.217.216.147
2020-06-25  16:46:23,104.238.141.45
2020-06-25  16:46:24,112.64.154.126
2020-06-25  16:46:24,112.85.218.11
2020-06-25  16:46:24,115.231.16.66
2020-06-25  16:46:25,115.231.217.119
2020-06-25  16:46:25,116.196.15.91
2020-06-25  16:46:26,116.31.116.24
2020-06-25  16:46:26,116.31.116.25
2020-06-25  16:46:27,116.31.116.26
2020-06-25  16:46:28,116.31.116.27
2020-06-25  16:46:28,116.31.116.28
2020-06-25  16:46:29,117.21.173.4
2020-06-25  16:46:29,118.244.158.237
2020-06-25  16:46:30,119.147.137.10
2020-06-25  16:46:30,120.24.226.229
2020-06-25  16:46:31,121.18.238.10
2020-06-25  16:46:31,121.18.238.11
2020-06-25  16:46:32,121.18.238.12
2020-06-25  16:46:32,121.18.238.19
2020-06-25  16:46:33,121.18.238.20
2020-06-25  16:46:33,121.18.238.22
2020-06-25  16:46:34,121.18.238.31
2020-06-25  16:46:34,121.18.238.32
2020-06-25  16:46:35,121.18.238.6
2020-06-25  16:46:35,121.18.238.7
2020-06-25  16:46:36,121.18.238.8
2020-06-25  16:46:36,121.18.238.9
2020-06-25  16:46:36,121.54.169.125
2020-06-25  16:46:37,122.194.229.6
2020-06-25  16:46:37,122.226.131.132
2020-06-25  16:46:38,123.16.189.200
2020-06-25  16:46:38,124.224.177.182
2020-06-25  16:46:39,125.88.146.116
2020-06-25  16:46:39,125.88.146.119
2020-06-25  16:46:39,125.88.177.87
2020-06-25  16:46:40,125.88.177.90
2020-06-25  16:46:40,125.88.177.93
2020-06-25  16:46:41,125.88.177.98
2020-06-25  16:46:41,173.254.236.13
2020-06-25  16:46:42,175.126.103.65
2020-06-25  16:46:42,180.97.215.79
2020-06-25  16:46:43,183.3.202.108
2020-06-25  16:46:43,183.3.202.109
2020-06-25  16:46:44,183.3.202.119
2020-06-25  16:46:44,183.3.202.143
2020-06-25  16:46:45,183.3.202.185
2020-06-25  16:46:45,183.3.202.187
2020-06-25  16:46:45,183.3.202.189
2020-06-25  16:46:46,183.3.202.200
2020-06-25  16:46:46,183.3.202.201
2020-06-25  16:46:47,185.103.252.14
2020-06-25  16:46:47,200.40.132.6
2020-06-25  16:46:48,202.106.52.86
2020-06-25  16:46:49,212.129.59.201
2020-06-25  16:46:49,212.91.171.178
2020-06-25  16:46:50,218.65.30.152
2020-06-25  16:47:10,218.89.132.53
2020-06-25  16:47:30,219.157.254.127
2020-06-25  16:47:51,221.181.73.34
2020-06-25  16:48:11,221.194.44.194
2020-06-25  16:48:31,221.194.44.216
2020-06-25  16:48:52,221.194.44.218
2020-06-25  16:49:12,221.194.44.219
2020-06-25  16:49:13,221.194.44.223
2020-06-25  16:49:14,221.194.44.227
2020-06-25  16:49:14,221.229.162.7
2020-06-25  16:49:14,221.229.166.101
2020-06-25  16:49:15,221.229.172.102
2020-06-25  16:49:15,221.229.172.7
2020-06-25  16:49:16,221.232.129.51
2020-06-25  16:49:16,222.171.202.10
2020-06-25  16:49:17,222.186.129.243
2020-06-25  16:49:17,222.186.15.79
2020-06-25  16:49:17,222.186.21.101
2020-06-25  16:49:18,222.186.21.212
2020-06-25  16:49:18,222.186.21.72
2020-06-25  16:49:19,222.186.21.80
2020-06-25  16:49:19,222.186.21.90
2020-06-25  16:49:20,222.186.23.100
2020-06-25  16:49:20,222.186.30.211
2020-06-25  16:49:20,222.186.31.181
2020-06-25  16:49:21,222.186.34.143
2020-06-25  16:49:21,222.186.34.200
2020-06-25  16:49:22,222.186.34.225
2020-06-25  16:49:22,222.186.34.73
2020-06-25  16:49:23,222.186.42.174
2020-06-25  16:49:23,222.186.51.178
2020-06-25  16:49:23,222.186.56.92
2020-06-25  16:49:24,223.105.0.130
2020-06-25  16:49:24,23.92.179.118
2020-06-25  16:49:25,27.74.252.208
2020-06-25  16:49:25,45.35.20.209
2020-06-25  16:49:26,58.218.199.166
2020-06-25  16:49:26,58.218.199.96
2020-06-25  16:49:27,58.218.204.107
2020-06-25  16:49:27,58.218.204.211
2020-06-25  16:49:27,58.218.204.215
2020-06-25  16:49:28,58.218.204.23
2020-06-25  16:49:28,58.218.204.30
2020-06-25  16:49:29,58.218.204.32
2020-06-25  16:49:29,58.218.204.80
2020-06-25  16:49:30,58.218.205.101
2020-06-25  16:49:30,58.218.205.97
2020-06-25  16:49:30,58.218.211.11
2020-06-25  16:49:31,58.218.211.17
2020-06-25  16:49:31,58.218.211.244
2020-06-25  16:49:32,59.51.24.186
2020-06-25  16:49:32,61.161.219.110
2020-06-25  16:49:33,64.211.24.227
2020-06-25  16:49:33,89.238.64.148
2020-06-25  16:49:34,91.224.160.10
2020-06-25  16:49:34,91.224.161.39
2020-06-27  07:48:03,1.85.62.39
2020-06-27  07:48:23,101.227.249.53
2020-06-27  07:48:44,104.148.71.143
2020-06-27  07:49:04,104.217.216.147
2020-06-27  07:49:24,104.238.141.45
2020-06-27  07:49:45,112.64.154.126
2020-06-27  07:50:05,112.85.218.11
2020-06-27  07:50:26,115.231.16.66
2020-06-27  07:50:46,115.231.217.119
2020-06-27  07:51:06,116.196.15.91
2020-06-27  07:51:27,116.31.116.24
2020-06-27  07:51:47,116.31.116.25
2020-06-27  07:52:07,116.31.116.26
2020-06-27  07:52:29,116.31.116.27
2020-06-27  07:52:49,116.31.116.28
2020-06-27  07:53:09,117.21.173.4
2020-06-27  07:53:30,118.244.158.237
2020-06-27  07:53:50,119.147.137.10
2020-06-27  07:54:11,120.24.226.229
2020-06-27  07:54:31,121.18.238.10
2020-06-27  07:54:51,121.18.238.11
2020-06-27  07:55:12,121.18.238.12
2020-06-27  07:55:32,121.18.238.19
2020-06-27  07:55:53,121.18.238.20
2020-06-27  07:56:13,121.18.238.22
2020-06-27  07:56:34,121.18.238.31
2020-06-27  07:56:54,121.18.238.32
2020-06-27  07:57:14,121.18.238.6
2020-06-27  07:57:35,121.18.238.7
2020-06-27  07:57:55,121.18.238.8
2020-06-27  07:58:15,121.18.238.9
2020-06-27  07:58:36,121.54.169.125
2020-06-27  07:58:56,122.194.229.6
2020-06-27  07:59:17,122.226.131.132
2020-06-27  07:59:37,123.16.189.200
2020-06-27  07:59:57,124.224.177.182
2020-06-27  08:00:18,125.88.146.116
2020-06-27  08:00:38,125.88.146.119
2020-06-27  08:00:58,125.88.177.87
2020-06-27  08:01:19,125.88.177.90
2020-06-27  08:01:39,125.88.177.93
2020-06-27  08:01:59,125.88.177.98
2020-06-27  08:02:20,173.254.236.13
2020-06-27  08:02:40,175.126.103.65
2020-06-27  08:03:00,180.97.215.79
2020-06-27  08:03:21,183.3.202.108
2020-06-27  08:03:41,183.3.202.109
2020-06-27  08:04:01,183.3.202.119
2020-06-27  08:04:22,183.3.202.143
2020-06-27  08:04:42,183.3.202.185
2020-06-27  08:05:03,183.3.202.187
2020-06-27  08:05:23,183.3.202.189
2020-06-27  08:05:43,183.3.202.200
2020-06-27  08:06:04,183.3.202.201
2020-06-27  08:06:24,185.103.252.14
2020-06-27  08:06:44,200.40.132.6
2020-06-27  08:07:05,202.106.52.86
2020-06-27  08:07:25,212.129.59.201
2020-06-27  08:07:45,212.91.171.178
2020-06-27  08:08:06,218.65.30.152
2020-06-27  08:08:26,218.89.132.53
2020-06-27  08:08:46,219.157.254.127
2020-06-27  08:09:07,221.181.73.34
2020-06-27  08:09:27,221.194.44.194
2020-06-27  08:09:47,221.194.44.216
2020-06-27  08:10:08,221.194.44.218
2020-06-27  08:10:28,221.194.44.219
2020-06-27  08:10:49,221.194.44.223
2020-06-27  08:11:09,221.194.44.227
2020-06-27  08:11:30,221.229.162.7
2020-06-27  08:11:50,221.229.166.101
2020-06-27  08:12:11,221.229.172.102
2020-06-27  08:12:31,221.229.172.7
2020-06-27  08:12:51,221.232.129.51
2020-06-27  08:13:12,222.171.202.10
2020-06-27  08:13:32,222.186.129.243
2020-06-27  08:13:52,222.186.15.79
2020-06-27  08:14:13,222.186.21.101
2020-06-27  08:14:33,222.186.21.212
2020-06-27  08:14:53,222.186.21.72
2020-06-27  08:15:14,222.186.21.80
2020-06-27  08:15:34,222.186.21.90
2020-06-27  08:15:54,222.186.23.100
2020-06-27  08:16:15,222.186.30.211
2020-06-27  08:16:35,222.186.31.181
2020-06-27  08:16:55,222.186.34.143
2020-06-27  08:17:16,222.186.34.200
2020-06-27  08:17:36,222.186.34.225
2020-06-27  08:17:56,222.186.34.73
2020-06-27  08:18:17,222.186.42.174
2020-06-27  08:18:37,222.186.51.178
2020-06-27  08:18:57,222.186.56.92
2020-06-27  08:19:18,223.105.0.130
2020-06-27  08:19:38,23.92.179.118
2020-06-27  08:19:59,27.74.252.208
2020-06-27  08:20:19,45.35.20.209
2020-06-27  08:20:39,58.218.199.166
2020-06-27  08:21:00,58.218.199.96
2020-06-27  08:21:20,58.218.204.107
2020-06-27  08:21:40,58.218.204.211
2020-06-27  08:22:01,58.218.204.215
2020-06-27  08:22:21,58.218.204.23
2020-06-27  08:22:41,58.218.204.30
2020-06-27  08:23:02,58.218.204.32
2020-06-27  08:23:22,58.218.204.80
2020-06-27  08:23:42,58.218.205.101
2020-06-27  08:24:03,58.218.205.97
2020-06-27  08:24:23,58.218.211.11
2020-06-27  08:24:43,58.218.211.17
2020-06-27  08:25:04,58.218.211.244
2020-06-27  08:25:24,59.51.24.186
2020-06-27  08:25:45,61.161.219.110
2020-06-27  08:26:05,64.211.24.227
2020-06-27  08:26:25,89.238.64.148
2020-06-27  08:26:46,91.224.160.10
2020-06-27  08:27:06,91.224.161.39
2020-07-11  22:47:09,1.85.62.39
2020-07-11  22:47:29,101.227.249.53
2020-07-11  22:47:50,104.148.71.143
2020-07-11  22:48:10,104.217.216.147
2020-07-11  22:48:30,104.238.141.45
2020-07-11  22:48:51,112.64.154.126
2020-07-11  22:49:11,112.85.218.11
2020-07-11  22:49:32,115.231.16.66
2020-07-11  22:49:52,115.231.217.119
2020-07-11  22:50:12,116.196.15.91
2020-07-11  22:50:33,116.31.116.24
2020-07-11  22:50:53,116.31.116.25
2020-07-11  22:51:13,116.31.116.26
2020-07-11  22:51:35,116.31.116.27
2020-07-11  22:51:55,116.31.116.28
2020-07-11  22:52:15,117.21.173.4
2020-07-11  22:52:36,118.244.158.237
2020-07-11  22:52:56,119.147.137.10
2020-07-11  22:53:16,120.24.226.229
2020-07-11  22:53:37,121.18.238.10
2020-07-11  22:53:57,121.18.238.11
2020-07-11  22:54:18,121.18.238.12
2020-07-11  22:54:38,121.18.238.19
2020-07-11  22:54:59,121.18.238.20
2020-07-11  22:55:20,121.18.238.22
2020-07-11  22:55:40,121.18.238.31
2020-07-11  22:56:00,121.18.238.32
2020-07-11  22:56:21,121.18.238.6
2020-07-11  22:56:41,121.18.238.7
2020-07-11  22:57:01,121.18.238.8
2020-07-11  22:57:22,121.18.238.9
2020-07-11  22:57:42,121.54.169.125
2020-07-11  22:58:03,122.194.229.6
2020-07-11  22:58:23,122.226.131.132
2020-07-11  22:58:43,123.16.189.200
2020-07-11  22:59:04,124.224.177.182
2020-07-11  22:59:24,125.88.146.116
2020-07-11  22:59:44,125.88.146.119
2020-07-11  23:00:05,125.88.177.87
2020-07-11  23:00:25,125.88.177.90
2020-07-11  23:00:45,125.88.177.93
2020-07-11  23:01:06,125.88.177.98
2020-07-11  23:01:26,173.254.236.13
2020-07-11  23:01:46,175.126.103.65
2020-07-11  23:02:07,180.97.215.79
2020-07-11  23:02:27,183.3.202.108
2020-07-11  23:02:47,183.3.202.109
2020-07-11  23:03:08,183.3.202.119
2020-07-11  23:03:28,183.3.202.143
2020-07-11  23:03:48,183.3.202.185
2020-07-11  23:04:09,183.3.202.187
2020-07-11  23:04:29,183.3.202.189
2020-07-11  23:04:49,183.3.202.200
2020-07-11  23:05:10,183.3.202.201
2020-07-11  23:05:30,185.103.252.14
2020-07-11  23:05:50,200.40.132.6
2020-07-11  23:06:11,202.106.52.86
2020-07-11  23:06:31,212.129.59.201
2020-07-11  23:06:52,212.91.171.178
2020-07-11  23:07:12,218.65.30.152
2020-07-11  23:07:32,218.89.132.53
2020-07-11  23:07:53,219.157.254.127
2020-07-11  23:08:13,221.181.73.34
2020-07-11  23:08:33,221.194.44.194
2020-07-11  23:08:54,221.194.44.216
2020-07-11  23:09:14,221.194.44.218
2020-07-11  23:09:34,221.194.44.219
2020-07-11  23:09:55,221.194.44.223
2020-07-11  23:10:16,221.194.44.227
2020-07-11  23:10:36,221.229.162.7
2020-07-11  23:10:56,221.229.166.101
2020-07-11  23:11:17,221.229.172.102
2020-07-11  23:11:37,221.229.172.7
2020-07-11  23:11:57,221.232.129.51
2020-07-11  23:12:18,222.171.202.10
2020-07-11  23:12:38,222.186.129.243
2020-07-11  23:12:58,222.186.15.79
2020-07-11  23:13:19,222.186.21.101
2020-07-11  23:13:39,222.186.21.212
2020-07-11  23:13:59,222.186.21.72
2020-07-11  23:14:20,222.186.21.80
2020-07-11  23:14:40,222.186.21.90
2020-07-11  23:15:00,222.186.23.100
2020-07-11  23:15:21,222.186.30.211
2020-07-11  23:15:41,222.186.31.181
2020-07-11  23:16:01,222.186.34.143
2020-07-11  23:16:22,222.186.34.200
2020-07-11  23:16:42,222.186.34.225
2020-07-11  23:17:02,222.186.34.73
2020-07-11  23:17:23,222.186.42.174
2020-07-11  23:17:43,222.186.51.178
2020-07-11  23:18:03,222.186.56.92
2020-07-11  23:18:24,223.105.0.130
2020-07-11  23:18:44,23.92.179.118
2020-07-11  23:19:05,27.74.252.208
2020-07-11  23:19:25,45.35.20.209
2020-07-11  23:19:45,58.218.199.166
2020-07-11  23:20:06,58.218.199.96
2020-07-11  23:20:26,58.218.204.107
2020-07-11  23:20:46,58.218.204.211
2020-07-11  23:21:07,58.218.204.215
2020-07-11  23:21:27,58.218.204.23
2020-07-11  23:21:47,58.218.204.30
2020-07-11  23:22:08,58.218.204.32
2020-07-11  23:22:28,58.218.204.80
2020-07-11  23:22:48,58.218.205.101
2020-07-11  23:23:09,58.218.205.97
2020-07-11  23:23:29,58.218.211.11
2020-07-11  23:23:49,58.218.211.17
2020-07-11  23:24:10,58.218.211.244
2020-07-11  23:24:30,59.51.24.186
2020-07-11  23:24:50,61.161.219.110
2020-07-11  23:25:11,64.211.24.227
2020-07-11  23:25:31,89.238.64.148
2020-07-11  23:25:51,91.224.160.10
2020-07-11  23:26:12,91.224.161.39
2020-08-10  15:14:29,1.85.62.39
2020-08-10  15:14:49,101.227.249.53
2020-08-10  15:15:09,104.148.71.143
2020-08-10  15:15:30,104.217.216.147
2020-08-10  15:15:50,104.238.141.45
2020-08-10  15:16:11,112.64.154.126
2020-08-10  15:16:31,112.85.218.11
2020-08-10  15:16:51,115.231.16.66
2020-08-10  15:17:12,115.231.217.119
2020-08-10  15:17:32,116.196.15.91
2020-08-10  15:17:52,116.31.116.24
2020-08-10  15:18:13,116.31.116.25
2020-08-10  15:18:33,116.31.116.26
2020-08-10  15:18:54,116.31.116.27
2020-08-10  15:19:15,116.31.116.28
2020-08-10  15:19:35,117.21.173.4
2020-08-10  15:19:55,118.244.158.237
2020-08-10  15:20:16,119.147.137.10
2020-08-10  15:20:36,120.24.226.229
2020-08-10  15:20:56,121.18.238.10
2020-08-10  15:21:17,121.18.238.11
2020-08-10  15:21:37,121.18.238.12
2020-08-10  15:21:58,121.18.238.19
2020-08-10  15:22:18,121.18.238.20
2020-08-10  15:22:39,121.18.238.22
2020-08-10  15:23:00,121.18.238.31
2020-08-10  15:23:20,121.18.238.32
2020-08-10  15:23:40,121.18.238.6
2020-08-10  15:24:01,121.18.238.7
2020-08-10  15:24:21,121.18.238.8
2020-08-10  15:24:41,121.18.238.9
2020-08-10  15:25:02,121.54.169.125
2020-08-10  15:25:22,122.194.229.6
2020-08-10  15:25:42,122.226.131.132
2020-08-10  15:26:03,123.16.189.200
2020-08-10  15:26:23,124.224.177.182
2020-08-10  15:26:43,125.88.146.116
2020-08-10  15:27:04,125.88.146.119
2020-08-10  15:27:24,125.88.177.87
2020-08-10  15:27:44,125.88.177.90
2020-08-10  15:28:05,125.88.177.93
2020-08-10  15:28:25,125.88.177.98
2020-08-10  15:28:45,173.254.236.13
2020-08-10  15:29:06,175.126.103.65
2020-08-10  15:29:26,180.97.215.79
2020-08-10  15:29:47,183.3.202.108
2020-08-10  15:30:07,183.3.202.109
2020-08-10  15:30:27,183.3.202.119
2020-08-10  15:30:48,183.3.202.143
2020-08-10  15:31:08,183.3.202.185
2020-08-10  15:31:28,183.3.202.187
2020-08-10  15:31:49,183.3.202.189
2020-08-10  15:32:09,183.3.202.200
2020-08-10  15:32:29,183.3.202.201
2020-08-10  15:32:50,185.103.252.14
2020-08-10  15:33:10,200.40.132.6
2020-08-10  15:33:30,202.106.52.86
2020-08-10  15:33:51,212.129.59.201
2020-08-10  15:34:11,212.91.171.178
2020-08-10  15:34:31,218.65.30.152
2020-08-10  15:34:52,218.89.132.53
2020-08-10  15:35:12,219.157.254.127
2020-08-10  15:35:33,221.181.73.34
2020-08-10  15:35:53,221.194.44.194
2020-08-10  15:36:13,221.194.44.216
2020-08-10  15:36:34,221.194.44.218
2020-08-10  15:36:54,221.194.44.219
2020-08-10  15:37:15,221.194.44.223
2020-08-10  15:37:35,221.194.44.227
2020-08-10  15:37:55,221.229.162.7
2020-08-10  15:38:16,221.229.166.101
2020-08-10  15:38:36,221.229.172.102
2020-08-10  15:38:57,221.229.172.7
2020-08-10  15:39:17,221.232.129.51
2020-08-10  15:39:37,222.171.202.10
2020-08-10  15:39:58,222.186.129.243
2020-08-10  15:40:18,222.186.15.79
2020-08-10  15:40:38,222.186.21.101
2020-08-10  15:40:59,222.186.21.212
2020-08-10  15:41:19,222.186.21.72
2020-08-10  15:41:39,222.186.21.80
2020-08-10  15:42:00,222.186.21.90
2020-08-10  15:42:20,222.186.23.100
2020-08-10  15:42:40,222.186.30.211
2020-08-10  15:43:01,222.186.31.181
2020-08-10  15:43:21,222.186.34.143
2020-08-10  15:43:41,222.186.34.200
2020-08-10  15:44:02,222.186.34.225
2020-08-10  15:44:22,222.186.34.73
2020-08-10  15:44:42,222.186.42.174
2020-08-10  15:45:03,222.186.51.178
2020-08-10  15:45:23,222.186.56.92
2020-08-10  15:45:44,223.105.0.130
2020-08-10  15:46:04,23.92.179.118
2020-08-10  15:46:24,27.74.252.208
2020-08-10  15:46:45,45.35.20.209
2020-08-10  15:47:05,58.218.199.166
2020-08-10  15:47:25,58.218.199.96
2020-08-10  15:47:46,58.218.204.107
2020-08-10  15:48:06,58.218.204.211
2020-08-10  15:48:26,58.218.204.215
2020-08-10  15:48:47,58.218.204.23
2020-08-10  15:49:07,58.218.204.30
2020-08-10  15:49:27,58.218.204.32
2020-08-10  15:49:48,58.218.204.80
2020-08-10  15:50:08,58.218.205.101
2020-08-10  15:50:28,58.218.205.97
2020-08-10  15:50:49,58.218.211.11
2020-08-10  15:51:09,58.218.211.17
2020-08-10  15:51:29,58.218.211.244
2020-08-10  15:51:50,59.51.24.186
2020-08-10  15:52:10,61.161.219.110
2020-08-10  15:52:31,64.211.24.227
2020-08-10  15:52:51,89.238.64.148
2020-08-10  15:53:11,91.224.160.10
2020-08-10  15:53:32,91.224.161.39
2020-09-25  15:10:38,1.85.62.39
2020-09-25  15:10:59,101.227.249.53
2020-09-25  15:11:19,104.148.71.143
2020-09-25  15:11:39,104.217.216.147
2020-09-25  15:12:00,104.238.141.45
2020-09-25  15:12:20,112.64.154.126
2020-09-25  15:12:41,112.85.218.11
2020-09-25  15:13:01,115.231.16.66
2020-09-25  15:13:21,115.231.217.119
2020-09-25  15:13:42,116.196.15.91
2020-09-25  15:14:02,116.31.116.24
2020-09-25  15:14:22,116.31.116.25
2020-09-25  15:14:43,116.31.116.26
2020-09-25  15:15:04,116.31.116.27
2020-09-25  15:15:24,116.31.116.28
2020-05-14  22:17:43,117.21.173.4
2020-05-14  22:18:04,118.244.158.237
2020-05-14  22:18:24,119.147.137.10
2020-05-14  22:18:45,120.24.226.229
2020-05-14  22:19:05,121.18.238.10
2020-05-14  22:19:25,121.18.238.11
2020-05-14  22:19:46,121.18.238.12
2020-05-14  22:20:06,121.18.238.19
2020-05-14  22:20:27,121.18.238.20
2020-05-14  22:20:48,121.18.238.22
2020-05-14  22:21:08,121.18.238.31
2020-05-14  22:21:29,121.18.238.32
2020-05-14  22:21:49,121.18.238.6
2020-05-14  22:22:09,121.18.238.7
2020-05-14  22:22:30,121.18.238.8
2020-05-14  22:22:50,121.18.238.9
2020-05-14  22:23:10,121.54.169.125
2020-05-14  22:23:31,122.194.229.6
2020-05-14  22:23:51,122.226.131.132
2020-05-14  22:24:12,123.16.189.200
2020-05-14  22:24:32,124.224.177.182
2020-05-14  22:24:52,125.88.146.116
2020-05-14  22:25:13,125.88.146.119
2020-05-14  22:25:33,125.88.177.87
2020-05-14  22:25:53,125.88.177.90
2020-05-14  22:26:14,125.88.177.93
2020-05-14  22:26:34,125.88.177.98
2020-05-14  22:26:54,173.254.236.13
2020-05-14  22:27:15,175.126.103.65
2020-05-14  22:27:35,180.97.215.79
2020-05-14  22:27:55,183.3.202.108
2020-05-14  22:28:16,183.3.202.109
2020-05-14  22:28:36,183.3.202.119
2020-05-14  22:28:56,183.3.202.143
2020-05-14  22:29:17,183.3.202.185
2020-05-14  22:29:37,183.3.202.187
2020-05-14  22:29:58,183.3.202.189
2020-05-14  22:30:18,183.3.202.200
2020-05-14  22:30:38,183.3.202.201
2020-05-14  22:30:59,185.103.252.14
2020-05-14  22:31:19,200.40.132.6
2020-05-14  22:31:39,202.106.52.86
2020-05-14  22:32:00,212.129.59.201
2020-05-14  22:32:20,212.91.171.178
2020-05-14  22:32:40,218.65.30.152
2020-05-14  22:33:01,218.89.132.53
2020-05-14  22:33:21,219.157.254.127
2020-05-14  22:33:41,221.181.73.34
2020-05-14  22:34:02,221.194.44.194
2020-05-14  22:34:22,221.194.44.216
2020-05-14  22:34:43,221.194.44.218
2020-05-14  22:35:03,221.194.44.219
2020-05-14  22:35:24,221.194.44.223
2020-05-14  22:35:44,221.194.44.227
2020-05-14  22:36:04,221.229.162.7
2020-05-14  22:36:25,221.229.166.101
2020-05-14  22:36:45,221.229.172.102
2020-05-14  22:37:05,221.229.172.7
2020-05-14  22:37:26,221.232.129.51
2020-05-14  22:37:46,222.171.202.10
2020-05-14  22:38:07,222.186.129.243
2020-05-14  22:38:27,222.186.15.79
2020-05-14  22:38:47,222.186.21.101
2020-05-14  22:39:08,222.186.21.212
2020-05-14  22:39:28,222.186.21.72
2020-05-14  22:39:48,222.186.21.80
2020-05-14  22:40:09,222.186.21.90
2020-05-14  22:40:29,222.186.23.100
2020-05-14  22:40:49,222.186.30.211
2020-05-14  22:41:10,222.186.31.181
2020-05-14  22:41:30,222.186.34.143
2020-05-14  22:41:50,222.186.34.200
2020-05-14  22:42:11,222.186.34.225
2020-05-14  22:42:31,222.186.34.73
2020-05-14  22:42:51,222.186.42.174
2020-05-14  22:43:12,222.186.51.178
2020-05-14  22:43:32,222.186.56.92
2020-05-14  22:43:53,223.105.0.130
2020-05-14  22:44:13,23.92.179.118
2020-05-14  22:44:33,27.74.252.208
2020-05-14  22:44:54,45.35.20.209
2020-05-14  22:45:14,58.218.199.166
2020-05-14  22:45:34,58.218.199.96
2020-05-14  22:45:55,58.218.204.107
2020-05-14  22:46:15,58.218.204.211
2020-05-14  22:46:35,58.218.204.215
2020-05-14  22:46:56,58.218.204.23
2020-05-14  22:47:16,58.218.204.30
2020-05-14  22:47:36,58.218.204.32
2020-05-14  22:47:57,58.218.204.80
2020-05-14  22:48:17,58.218.205.101
2020-05-14  22:48:38,58.218.205.97
2020-05-14  22:48:58,58.218.211.11
2020-05-14  22:49:18,58.218.211.17
2020-05-14  22:49:39,58.218.211.244
2020-05-14  22:49:59,59.51.24.186
2020-05-14  22:50:19,61.161.219.110
2020-05-14  22:50:40,64.211.24.227
2020-05-14  22:51:00,89.238.64.148
2020-05-14  22:51:20,91.224.160.10
2020-05-14  22:51:41,91.224.161.39
2020-05-26  08:35:12,1.85.62.39
2020-05-26  08:35:32,101.227.249.53
2020-05-26  08:35:53,104.148.71.143
2020-05-26  08:36:13,104.217.216.147
2020-05-26  08:36:34,104.238.141.45
2020-05-26  08:36:54,112.64.154.126
2020-05-26  08:37:14,112.85.218.11
2020-05-26  08:37:35,115.231.16.66
2020-05-26  08:37:55,115.231.217.119
2020-05-26  08:38:15,116.196.15.91
2020-05-26  08:38:36,116.31.116.24
2020-05-26  08:38:56,116.31.116.25
2020-05-26  08:39:16,116.31.116.26
2020-05-26  08:39:38,116.31.116.27
2020-05-26  08:39:58,116.31.116.28
2020-05-26  08:40:18,117.21.173.4
2020-05-26  08:40:39,118.244.158.237
2020-05-26  08:40:59,119.147.137.10
2020-05-26  08:41:19,120.24.226.229
2020-05-26  08:41:40,121.18.238.10
2020-05-26  08:42:00,121.18.238.11
2020-05-26  08:42:20,121.18.238.12
2020-05-26  08:42:41,121.18.238.19
2020-05-26  08:43:02,121.18.238.20
2020-05-26  08:43:22,121.18.238.22
2020-05-26  08:43:43,121.18.238.31
2020-05-26  08:44:03,121.18.238.32
2020-05-26  08:44:23,121.18.238.6
2020-05-26  08:44:44,121.18.238.7
2020-05-26  08:45:04,121.18.238.8
2020-05-26  08:45:24,121.18.238.9
2020-05-26  08:45:45,121.54.169.125
2020-05-26  08:46:06,122.194.229.6
2020-05-26  08:46:26,122.226.131.132
2020-05-26  08:46:46,123.16.189.200
2020-05-26  08:47:07,124.224.177.182
2020-05-26  08:47:27,125.88.146.116
2020-05-26  08:47:47,125.88.146.119
2020-05-26  08:48:08,125.88.177.87
2020-05-26  08:48:28,125.88.177.90
2020-05-26  08:48:49,125.88.177.93
2020-05-26  08:49:09,125.88.177.98
2020-05-26  08:49:29,173.254.236.13
2020-05-26  08:49:50,175.126.103.65
2020-05-26  08:50:10,180.97.215.79
2020-05-26  08:50:30,183.3.202.108
2020-05-26  08:50:51,183.3.202.109
2020-05-26  08:51:11,183.3.202.119
2020-05-26  08:51:31,183.3.202.143
2020-05-26  08:51:52,183.3.202.185
2020-05-26  08:52:12,183.3.202.187
2020-05-26  08:52:32,183.3.202.189
2020-05-26  08:52:53,183.3.202.200
2020-05-26  08:53:13,183.3.202.201
2020-05-26  08:53:33,185.103.252.14
2020-05-26  08:53:54,200.40.132.6
2020-05-26  08:54:14,202.106.52.86
2020-05-26  08:54:34,212.129.59.201
2020-05-26  08:54:55,212.91.171.178
2020-05-26  08:55:15,218.65.30.152
2020-05-26  08:55:36,218.89.132.53
2020-05-26  08:55:56,219.157.254.127
2020-05-26  08:56:16,221.181.73.34
2020-05-26  08:56:37,221.194.44.194
2020-05-26  08:56:57,221.194.44.216
2020-05-26  08:57:17,221.194.44.218
2020-05-26  08:57:38,221.194.44.219
2020-05-26  08:57:58,221.194.44.223
2020-05-26  08:58:19,221.194.44.227
2020-05-26  08:58:39,221.229.162.7
2020-05-26  08:59:00,221.229.166.101
2020-05-26  08:59:20,221.229.172.102
2020-05-26  08:59:40,221.229.172.7
2020-05-26  09:00:01,221.232.129.51
2020-05-26  09:00:21,222.171.202.10
2020-05-26  09:00:41,222.186.129.243
2020-05-26  09:01:02,222.186.15.79
2020-05-26  09:01:22,222.186.21.101
2020-05-26  09:01:42,222.186.21.212
2020-05-26  09:02:03,222.186.21.72
2020-05-26  09:02:23,222.186.21.80
2020-05-26  09:02:43,222.186.21.90
2020-05-26  09:03:04,222.186.23.100
2020-05-26  09:03:24,222.186.30.211
2020-05-26  09:03:44,222.186.31.181
2020-05-26  09:04:05,222.186.34.143
2020-05-26  09:04:25,222.186.34.200
2020-05-26  09:04:45,222.186.34.225
2020-05-26  09:05:06,222.186.34.73
2020-05-26  09:05:26,222.186.42.174
2020-05-26  09:05:47,222.186.51.178
2020-05-26  09:06:07,222.186.56.92
2020-05-26  09:06:27,223.105.0.130
2020-05-26  09:06:48,23.92.179.118
2020-05-26  09:07:08,27.74.252.208
2020-05-26  09:07:28,45.35.20.209
2020-05-26  09:07:49,58.218.199.166
2020-05-26  09:08:09,58.218.199.96
2020-05-26  09:08:29,58.218.204.107
2020-05-26  09:08:50,58.218.204.211
2020-05-26  09:09:10,58.218.204.215
2020-05-26  09:09:30,58.218.204.23
2020-05-26  09:09:51,58.218.204.30
2020-05-26  09:10:11,58.218.204.32
2020-05-26  09:10:31,58.218.204.80
2020-05-26  09:10:52,58.218.205.101
2020-05-26  09:11:12,58.218.205.97
2020-05-26  09:11:32,58.218.211.11
2020-05-26  09:11:53,58.218.211.17
2020-05-26  09:12:13,58.218.211.244
2020-05-26  09:12:34,59.51.24.186
2020-05-26  09:12:54,61.161.219.110
2020-05-26  09:13:14,64.211.24.227
2020-05-26  09:13:35,89.238.64.148
2020-05-26  09:13:55,91.224.160.10
2020-05-26  09:14:15,91.224.161.39
2020-06-22  23:06:35,1.85.62.39
2020-06-22  23:06:56,101.227.249.53
2020-06-22  23:07:16,104.148.71.143
2020-06-22  23:07:36,104.217.216.147
2020-06-22  23:07:57,104.238.141.45
2020-06-22  23:08:17,112.64.154.126
2020-06-22  23:08:37,112.85.218.11
2020-06-22  23:08:58,115.231.16.66
2020-06-22  23:09:18,115.231.217.119
2020-06-22  23:09:39,116.196.15.91
2020-06-22  23:09:59,116.31.116.24
2020-06-22  23:10:19,116.31.116.25
2020-06-22  23:10:40,116.31.116.26
2020-06-22  23:11:01,116.31.116.27
2019-07-01  04:00:25,117.21.173.4
2019-07-01  04:00:46,118.244.158.237
2019-07-01  04:01:06,119.147.137.10
2019-07-01  04:01:26,120.24.226.229
2019-07-01  04:01:47,121.18.238.10
2019-07-01  04:02:07,121.18.238.11
2019-07-01  04:02:28,121.18.238.12
2019-07-01  04:02:48,121.18.238.19
2019-07-01  04:03:09,121.18.238.20
2019-07-01  04:03:29,121.18.238.22
2019-07-01  04:03:50,121.18.238.31
2019-07-01  04:04:10,121.18.238.32
2019-07-01  04:04:30,121.18.238.6
2019-07-01  04:04:51,121.18.238.7
2019-07-01  04:05:11,121.18.238.8
2019-07-01  04:05:31,121.18.238.9
2019-07-01  04:05:52,121.54.169.125
2019-07-01  04:06:12,122.194.229.6
2019-07-01  04:06:32,122.226.131.132
2019-07-01  04:06:53,123.16.189.200
2019-07-01  04:07:13,124.224.177.182
2019-07-01  04:07:34,125.88.146.116
2019-07-01  04:07:54,125.88.146.119
2019-07-01  04:08:14,125.88.177.87
2019-07-01  04:08:35,125.88.177.90
2019-07-01  04:08:55,125.88.177.93
2019-07-01  04:09:15,125.88.177.98
2019-07-01  04:09:36,173.254.236.13
2019-07-01  04:09:56,175.126.103.65
2019-07-01  04:10:16,180.97.215.79
2019-07-01  04:10:37,183.3.202.108
2019-07-01  04:10:57,183.3.202.109
2019-07-01  04:11:17,183.3.202.119
2019-07-01  04:11:38,183.3.202.143
2019-07-01  04:11:58,183.3.202.185
2019-07-01  04:12:18,183.3.202.187
2019-07-01  04:12:39,183.3.202.189
2019-07-01  04:12:59,183.3.202.200
2019-07-01  04:13:19,183.3.202.201
2019-07-01  04:13:40,185.103.252.14
2019-07-01  04:14:00,200.40.132.6
2019-07-01  04:14:21,202.106.52.86
2019-07-01  04:14:41,212.129.59.201
2019-07-01  04:15:01,212.91.171.178
2019-07-01  04:15:21,218.65.30.152
2019-07-01  04:15:42,218.89.132.53
2019-07-01  04:16:02,219.157.254.127
2019-07-01  04:16:23,221.181.73.34
2019-07-01  04:16:43,221.194.44.194
2019-07-01  04:17:03,221.194.44.216
2019-07-01  04:17:24,221.194.44.218
2019-07-01  04:17:44,221.194.44.219
2019-07-01  04:18:05,221.194.44.223
2019-07-01  04:18:25,221.194.44.227
2019-07-01  04:18:46,221.229.162.7
2019-07-01  04:19:06,221.229.166.101
2019-07-01  04:19:26,221.229.172.102
2019-07-01  04:19:47,221.229.172.7
2019-07-01  04:20:07,221.232.129.51
2019-07-01  04:20:27,222.171.202.10
2019-07-01  04:20:48,222.186.129.243
2019-07-01  04:21:08,222.186.15.79
2019-07-01  04:21:28,222.186.21.101
2019-07-01  04:21:49,222.186.21.212
2019-07-01  04:22:09,222.186.21.72
2019-07-01  04:22:29,222.186.21.80
2019-07-01  04:22:50,222.186.21.90
2019-07-01  04:23:10,222.186.23.100
2019-07-01  04:23:31,222.186.30.211
2019-07-01  04:23:51,222.186.31.181
2019-07-01  04:24:11,222.186.34.143
2019-07-01  04:24:32,222.186.34.200
2019-07-01  04:24:52,222.186.34.225
2019-07-01  04:25:12,222.186.34.73
2019-07-01  04:25:33,222.186.42.174
2019-07-01  04:25:53,222.186.51.178
2019-07-01  04:26:13,222.186.56.92
2019-07-01  04:26:34,223.105.0.130
2019-07-01  04:26:54,23.92.179.118
2019-07-01  04:27:14,27.74.252.208
2019-07-01  04:27:35,45.35.20.209
2019-07-01  04:27:55,58.218.199.166
2019-07-01  04:28:16,58.218.199.96
2019-07-01  04:28:36,58.218.204.107
2019-07-01  04:28:56,58.218.204.211
2019-07-01  04:29:17,58.218.204.215
2019-07-01  04:29:37,58.218.204.23
2019-07-01  04:29:57,58.218.204.30
2019-07-01  04:30:18,58.218.204.32
2019-07-01  04:30:38,58.218.204.80
2019-07-01  04:30:58,58.218.205.101
2019-07-01  04:31:19,58.218.205.97
2019-07-01  04:31:39,58.218.211.11
2019-07-01  04:32:00,58.218.211.17
2019-07-01  04:32:20,58.218.211.244
2019-07-01  04:32:40,59.51.24.186
2019-07-01  04:33:01,61.161.219.110
2019-07-01  04:33:21,64.211.24.227
2019-07-01  04:33:41,89.238.64.148
2019-07-01  04:34:02,91.224.160.10
2019-07-01  04:34:22,91.224.161.39
2019-08-13  23:38:04,1.85.62.39
2019-08-13  23:38:24,101.227.249.53
2019-08-13  23:38:44,104.148.71.143
2019-08-13  23:39:05,104.217.216.147
2019-08-13  23:39:25,104.238.141.45
2019-08-13  23:39:46,112.64.154.126
2019-08-13  23:40:06,112.85.218.11
2019-08-13  23:40:26,115.231.16.66
2019-08-13  23:40:47,115.231.217.119
2019-08-13  23:41:07,116.196.15.91
2019-08-13  23:41:27,116.31.116.24
2019-08-13  23:41:48,116.31.116.25
2019-08-13  23:42:08,116.31.116.26
2019-08-13  23:42:29,116.31.116.27
2019-08-13  23:42:50,116.31.116.28
2019-06-18  13:08:54,117.21.173.4
2019-06-18  13:09:15,118.244.158.237
2019-06-18  13:09:35,119.147.137.10
2019-06-18  13:09:55,120.24.226.229
2019-06-18  13:10:16,121.18.238.10
2019-06-18  13:10:36,121.18.238.11
2019-06-18  13:10:57,121.18.238.12
2019-06-18  13:11:17,121.18.238.19
2019-06-18  13:11:38,121.18.238.20
2019-06-18  13:11:58,121.18.238.22
2019-06-18  13:12:19,121.18.238.31
2019-06-18  13:12:39,121.18.238.32
2019-06-18  13:13:00,121.18.238.6
2019-06-18  13:13:20,121.18.238.7
2019-06-18  13:13:40,121.18.238.8
2019-06-18  13:14:01,121.18.238.9
2019-06-18  13:14:21,121.54.169.125
2019-06-18  13:14:41,122.194.229.6
2019-06-18  13:15:02,122.226.131.132
2019-06-18  13:15:22,123.16.189.200
2019-06-18  13:15:42,124.224.177.182
2019-06-18  13:16:03,125.88.146.116
2019-06-18  13:16:23,125.88.146.119
2019-06-18  13:16:43,125.88.177.87
2019-06-18  13:17:04,125.88.177.90
2019-06-18  13:17:24,125.88.177.93
2019-06-18  13:17:45,125.88.177.98
2019-06-18  13:18:05,173.254.236.13
2019-06-18  13:18:25,175.126.103.65
2019-06-18  13:18:46,180.97.215.79
2019-06-18  13:19:06,183.3.202.108
2019-06-18  13:19:26,183.3.202.109
2019-06-18  13:19:47,183.3.202.119
2019-06-18  13:20:07,183.3.202.143
2019-06-18  13:20:27,183.3.202.185
2019-06-18  13:20:48,183.3.202.187
2019-06-18  13:21:08,183.3.202.189
2019-06-18  13:21:28,183.3.202.200
2019-06-18  13:21:49,183.3.202.201
2019-06-18  13:22:09,185.103.252.14
2019-06-18  13:22:29,200.40.132.6
2019-06-18  13:22:50,202.106.52.86
2019-06-18  13:23:10,212.129.59.201
2019-06-18  13:23:31,212.91.171.178
2019-06-18  13:23:51,218.65.30.152
2019-06-18  13:24:11,218.89.132.53
2019-06-18  13:24:32,219.157.254.127
2019-06-18  13:24:52,221.181.73.34
2019-06-18  13:25:12,221.194.44.194
2019-06-18  13:25:33,221.194.44.216
2019-06-18  13:25:53,221.194.44.218
2019-06-18  13:26:13,221.194.44.219
2019-06-18  13:26:34,221.194.44.223
2019-06-18  13:26:55,221.194.44.227
2019-06-18  13:27:15,221.229.162.7
2019-06-18  13:27:35,221.229.166.101
2019-06-18  13:27:56,221.229.172.102
2019-06-18  13:28:16,221.229.172.7
2019-06-18  13:28:36,221.232.129.51
2019-06-18  13:28:57,222.171.202.10
2019-06-18  13:29:17,222.186.129.243
2019-06-18  13:29:37,222.186.15.79
2019-06-18  13:29:58,222.186.21.101
2019-06-18  13:30:18,222.186.21.212
2019-06-18  13:30:38,222.186.21.72
2019-06-18  13:30:59,222.186.21.80
2019-06-18  13:31:19,222.186.21.90
2019-06-18  13:31:40,222.186.23.100
2019-06-18  13:32:00,222.186.30.211
2019-06-18  13:32:20,222.186.31.181
2019-06-18  13:32:41,222.186.34.143
2019-06-18  13:33:01,222.186.34.200
2019-06-18  13:33:21,222.186.34.225
2019-06-18  13:33:42,222.186.34.73
2019-06-18  13:34:02,222.186.42.174
2019-06-18  13:34:22,222.186.51.178
2019-06-18  13:34:43,222.186.56.92
2019-06-18  13:35:03,223.105.0.130
2019-06-18  13:35:23,23.92.179.118
2019-06-18  13:35:44,27.74.252.208
2019-06-18  13:36:04,45.35.20.209
2019-06-18  13:36:24,58.218.199.166
2019-06-18  13:36:45,58.218.199.96
2019-06-18  13:37:05,58.218.204.107
2019-06-18  13:37:26,58.218.204.211
2019-06-18  13:37:46,58.218.204.215
2019-06-18  13:38:06,58.218.204.23
2019-06-18  13:38:27,58.218.204.30
2019-06-18  13:38:47,58.218.204.32
2019-06-18  13:39:07,58.218.204.80
2019-06-18  13:39:28,58.218.205.101
2019-06-18  13:39:48,58.218.205.97
2019-06-18  13:40:08,58.218.211.11
2019-06-18  13:40:29,58.218.211.17
2019-06-18  13:40:49,58.218.211.244
2019-06-18  13:41:09,59.51.24.186
2019-06-18  13:41:30,61.161.219.110
2019-06-18  13:41:50,64.211.24.227
2019-06-18  13:42:11,89.238.64.148
2019-06-18  13:42:31,91.224.160.10
2019-06-18  13:42:51,91.224.161.39
2019-06-28  13:26:04,1.85.62.39
2019-06-28  13:26:25,101.227.249.53
2019-06-28  13:26:45,104.148.71.143
2019-06-28  13:27:05,104.217.216.147
2019-06-28  13:27:26,104.238.141.45
2019-06-28  13:27:46,112.64.154.126
2019-06-28  13:28:07,112.85.218.11
2019-06-28  13:28:27,115.231.16.66
2019-06-28  13:28:47,115.231.217.119
2019-06-28  13:29:08,116.196.15.91
2019-06-28  13:29:28,116.31.116.24
2019-06-28  13:29:48,116.31.116.25
2019-06-28  13:30:09,116.31.116.26
2019-06-28  13:30:30,116.31.116.27
2019-06-28  13:30:50,116.31.116.28
2019-06-28  13:31:11,117.21.173.4
2019-06-28  13:31:31,118.244.158.237
2019-06-28  13:31:51,119.147.137.10
2019-06-28  13:32:12,120.24.226.229
2019-06-28  13:32:32,121.18.238.10
2019-06-28  13:32:52,121.18.238.11
2019-06-28  13:33:13,121.18.238.12
2019-06-28  13:33:33,121.18.238.19
2019-06-28  13:33:54,121.18.238.20
2019-06-28  13:34:15,121.18.238.22
2019-06-28  13:34:35,121.18.238.31
2019-06-28  13:34:55,121.18.238.32
2019-06-28  13:35:16,121.18.238.6
2019-06-28  13:35:36,121.18.238.7
2019-06-28  13:35:56,121.18.238.8
2019-06-28  13:36:17,121.18.238.9
2019-06-28  13:36:37,121.54.169.125
2019-06-28  13:36:58,122.194.229.6
2019-06-28  13:37:18,122.226.131.132
2019-06-28  13:37:38,123.16.189.200
2019-06-28  13:37:59,124.224.177.182
2019-06-28  13:38:19,125.88.146.116
2019-06-28  13:38:39,125.88.146.119
2019-06-28  13:39:00,125.88.177.87
2019-06-28  13:39:20,125.88.177.90
2019-06-28  13:39:40,125.88.177.93
2019-06-28  13:40:01,125.88.177.98
2019-06-28  13:40:21,173.254.236.13
2019-06-28  13:40:42,175.126.103.65
2019-06-28  13:41:02,180.97.215.79
2019-06-28  13:41:22,183.3.202.108
2019-06-28  13:41:43,183.3.202.109
2019-06-28  13:42:03,183.3.202.119
2019-06-28  13:42:23,183.3.202.143
2019-06-28  13:42:44,183.3.202.185
2019-06-28  13:43:04,183.3.202.187
2019-06-28  13:43:24,183.3.202.189
2019-06-28  13:43:45,183.3.202.200
2019-06-28  13:44:05,183.3.202.201
2019-06-28  13:44:25,185.103.252.14
2019-06-28  13:44:46,200.40.132.6
2019-06-28  13:45:06,202.106.52.86
2019-06-28  13:45:26,212.129.59.201
2019-06-28  13:45:47,212.91.171.178
2019-06-28  13:46:07,218.65.30.152
2019-06-28  13:46:27,218.89.132.53
2019-06-28  13:46:48,219.157.254.127
2019-06-28  13:47:08,221.181.73.34
2019-06-28  13:47:29,221.194.44.194
2019-06-28  13:47:49,221.194.44.216
2019-06-28  13:48:09,221.194.44.218
2019-06-28  13:48:30,221.194.44.219
2019-06-28  13:48:50,221.194.44.223
2019-06-28  13:49:11,221.194.44.227
2019-06-28  13:49:31,221.229.162.7
2019-06-28  13:49:52,221.229.166.101
2019-06-28  13:50:12,221.229.172.102
2019-06-28  13:50:32,221.229.172.7
2019-06-28  13:50:53,221.232.129.51
2019-06-28  13:51:13,222.171.202.10
2019-06-28  13:51:33,222.186.129.243
2019-06-28  13:51:54,222.186.15.79
2019-06-28  13:52:14,222.186.21.101
2019-06-28  13:52:34,222.186.21.212
2019-06-28  13:52:55,222.186.21.72
2019-06-28  13:53:15,222.186.21.80
2019-06-28  13:53:35,222.186.21.90
2019-06-28  13:53:56,222.186.23.100
2019-06-28  13:54:16,222.186.30.211
2019-06-28  13:54:36,222.186.31.181
2019-06-28  13:54:57,222.186.34.143
2019-06-28  13:55:17,222.186.34.200
2019-06-28  13:55:38,222.186.34.225
2019-06-28  13:55:58,222.186.34.73
2019-06-28  13:56:18,222.186.42.174
2019-06-28  13:56:39,222.186.51.178
2019-06-28  13:56:59,222.186.56.92
2019-06-28  13:57:19,223.105.0.130
2019-06-28  13:57:40,23.92.179.118
2019-06-28  13:58:00,27.74.252.208
2019-06-28  13:58:20,45.35.20.209
2019-06-28  13:58:41,58.218.199.166
2019-06-28  13:59:01,58.218.199.96
2019-06-28  13:59:21,58.218.204.107
2019-06-28  13:59:42,58.218.204.211
2019-06-28  14:00:02,58.218.204.215
2019-06-28  14:00:22,58.218.204.23
2019-06-28  14:00:43,58.218.204.30
2019-06-28  14:01:03,58.218.204.32
2019-06-28  14:01:24,58.218.204.80
2019-06-28  14:01:44,58.218.205.101
2019-06-28  14:02:04,58.218.205.97
2019-06-28  14:02:25,58.218.211.11
2019-06-28  14:02:45,58.218.211.17
2019-06-28  14:03:05,58.218.211.244
2019-06-28  14:03:26,59.51.24.186
2019-06-28  14:03:46,61.161.219.110
2019-06-28  14:04:06,64.211.24.227
2019-06-28  14:04:27,89.238.64.148
2019-06-28  14:04:47,91.224.160.10
2019-06-28  14:05:07,91.224.161.39
2019-07-01  03:55:19,1.85.62.39
2019-07-01  03:55:39,101.227.249.53
2019-07-01  03:56:00,104.148.71.143
2019-07-01  03:56:20,104.217.216.147
2019-07-01  03:56:40,104.238.141.45
2019-07-01  03:57:01,112.64.154.126
2019-07-01  03:57:21,112.85.218.11
2019-07-01  03:57:41,115.231.16.66
2019-07-01  03:58:02,115.231.217.119
2019-07-01  03:58:22,116.196.15.91
2019-07-01  03:58:42,116.31.116.24
2019-07-01  03:59:03,116.31.116.25
2019-07-01  03:59:23,116.31.116.26
2019-07-01  03:59:45,116.31.116.27
2019-07-01  04:00:05,116.31.116.28
2019-08-13  23:43:10,117.21.173.4
2019-08-13  23:43:30,118.244.158.237
2019-08-13  23:43:51,119.147.137.10
2019-08-13  23:44:11,120.24.226.229
2019-08-13  23:44:31,121.18.238.10
2019-08-13  23:44:52,121.18.238.11
2019-08-13  23:45:12,121.18.238.12
2019-08-13  23:45:33,121.18.238.19
2019-08-13  23:45:53,121.18.238.20
2019-08-13  23:46:14,121.18.238.22
2019-08-13  23:46:35,121.18.238.31
2019-08-13  23:46:55,121.18.238.32
2019-08-13  23:47:15,121.18.238.6
2019-08-13  23:47:36,121.18.238.7
2019-08-13  23:47:56,121.18.238.8
2019-08-13  23:48:16,121.18.238.9
2019-08-13  23:48:37,121.54.169.125
2019-08-13  23:48:57,122.194.229.6
2019-08-13  23:49:17,122.226.131.132
2019-08-13  23:49:38,123.16.189.200
2019-08-13  23:49:58,124.224.177.182
2019-08-13  23:50:18,125.88.146.116
2019-08-13  23:50:39,125.88.146.119
2019-08-13  23:50:59,125.88.177.87
2019-08-13  23:51:19,125.88.177.90
2019-08-13  23:51:40,125.88.177.93
2019-08-13  23:52:00,125.88.177.98
2019-08-13  23:52:20,173.254.236.13
2019-08-13  23:52:41,175.126.103.65
2019-08-13  23:53:01,180.97.215.79
2019-08-13  23:53:21,183.3.202.108
2019-08-13  23:53:42,183.3.202.109
2019-08-13  23:54:02,183.3.202.119
2019-08-13  23:54:22,183.3.202.143
2019-08-13  23:54:43,183.3.202.185
2019-08-13  23:55:03,183.3.202.187
2019-08-13  23:55:23,183.3.202.189
2019-08-13  23:55:44,183.3.202.200
2019-08-13  23:56:04,183.3.202.201
2019-08-13  23:56:25,185.103.252.14
2019-08-13  23:56:45,200.40.132.6
2019-08-13  23:57:05,202.106.52.86
2019-08-13  23:57:26,212.129.59.201
2019-08-13  23:57:46,212.91.171.178
2019-08-13  23:58:06,218.65.30.152
2019-08-13  23:58:27,218.89.132.53
2019-08-13  23:58:47,219.157.254.127
2019-08-13  23:59:07,221.181.73.34
2019-08-13  23:59:28,221.194.44.194
2019-08-13  23:59:48,221.194.44.216
2019-08-14  00:00:08,221.194.44.218
2019-08-14  00:00:29,221.194.44.219
2019-08-14  00:00:50,221.194.44.223
2019-08-14  00:01:10,221.194.44.227
2019-08-14  00:01:30,221.229.162.7
2019-08-14  00:01:51,221.229.166.101
2019-08-14  00:02:11,221.229.172.102
2019-08-14  00:02:31,221.229.172.7
2019-08-14  00:02:52,221.232.129.51
2019-08-14  00:03:12,222.171.202.10
2019-08-14  00:03:32,222.186.129.243
2019-08-14  00:03:53,222.186.15.79
2019-08-14  00:04:13,222.186.21.101
2019-08-14  00:04:34,222.186.21.212
2019-08-14  00:04:54,222.186.21.72
2019-08-14  00:05:14,222.186.21.80
2019-08-14  00:05:35,222.186.21.90
2019-08-14  00:05:55,222.186.23.100
2019-08-14  00:06:15,222.186.30.211
2019-08-14  00:06:36,222.186.31.181
2019-08-14  00:06:56,222.186.34.143
2019-08-14  00:07:16,222.186.34.200
2019-08-14  00:07:37,222.186.34.225
2019-08-14  00:07:57,222.186.34.73
2019-08-14  00:08:17,222.186.42.174
2019-08-14  00:08:38,222.186.51.178
2019-08-14  00:08:58,222.186.56.92
2019-08-14  00:09:18,223.105.0.130
2019-08-14  00:09:39,23.92.179.118
2019-08-14  00:09:59,27.74.252.208
2019-08-14  00:10:20,45.35.20.209
2019-08-14  00:10:40,58.218.199.166
2019-08-14  00:11:00,58.218.199.96
2019-08-14  00:11:21,58.218.204.107
2019-08-14  00:11:41,58.218.204.211
2019-08-14  00:12:01,58.218.204.215
2019-08-14  00:12:22,58.218.204.23
2019-08-14  00:12:42,58.218.204.30
2019-08-14  00:13:02,58.218.204.32
2019-08-14  00:13:23,58.218.204.80
2019-08-14  00:13:43,58.218.205.101
2019-08-14  00:14:03,58.218.205.97
2019-08-14  00:14:24,58.218.211.11
2019-08-14  00:14:44,58.218.211.17
2019-08-14  00:15:05,58.218.211.244
2019-08-14  00:15:25,59.51.24.186
2019-08-14  00:15:45,61.161.219.110
2019-08-14  00:16:06,64.211.24.227
2019-08-14  00:16:26,89.238.64.148
2019-08-14  00:16:46,91.224.160.10
2019-08-14  00:17:07,91.224.161.39
2019-10-27  15:05:08,1.85.62.39
2019-10-27  15:05:08,101.227.249.53
2019-10-27  15:05:09,104.148.71.143
2019-10-27  15:05:09,104.217.216.147
2019-10-27  15:05:10,104.238.141.45
2019-10-27  15:05:11,112.64.154.126
2019-10-27  15:05:11,112.85.218.11
2019-10-27  15:05:12,115.231.16.66
2019-10-27  15:05:12,115.231.217.119
2019-10-27  15:05:13,116.196.15.91
2019-10-27  15:05:13,116.31.116.24
2019-10-27  15:05:14,116.31.116.25
2019-10-27  15:05:14,116.31.116.26
2019-10-27  15:05:15,116.31.116.27
2019-10-27  15:05:16,116.31.116.28
2019-10-27  15:05:16,117.21.173.4
2019-10-27  15:05:17,118.244.158.237
2019-10-27  15:05:17,119.147.137.10
2019-10-27  15:05:18,120.24.226.229
2019-10-27  15:05:18,121.18.238.10
2019-10-27  15:05:18,121.18.238.11
2019-10-27  15:05:19,121.18.238.12
2019-10-27  15:05:19,121.18.238.19
2019-10-27  15:05:20,121.18.238.20
2019-10-27  15:05:21,121.18.238.22
2019-10-27  15:05:21,121.18.238.31
2019-10-27  15:05:22,121.18.238.32
2019-10-27  15:05:22,121.18.238.6
2019-10-27  15:05:23,121.18.238.7
2019-10-27  15:05:23,121.18.238.8
2019-10-27  15:05:23,121.18.238.9
2019-10-27  15:05:24,121.54.169.125
2019-10-27  15:05:24,122.194.229.6
2019-10-27  15:05:25,122.226.131.132
2019-10-27  15:05:25,123.16.189.200
2019-10-27  15:05:26,124.224.177.182
2019-10-27  15:05:26,125.88.146.116
2019-10-27  15:05:26,125.88.146.119
2019-10-27  15:05:27,125.88.177.87
2019-10-27  15:05:27,125.88.177.90
2019-10-27  15:05:28,125.88.177.93
2019-10-27  15:05:28,125.88.177.98
2019-10-27  15:05:29,173.254.236.13
2019-10-27  15:05:29,175.126.103.65
2019-10-27  15:05:30,180.97.215.79
2019-10-27  15:05:30,183.3.202.108
2019-10-27  15:05:31,183.3.202.109
2019-10-27  15:05:31,183.3.202.119
2019-10-27  15:05:31,183.3.202.143
2019-10-27  15:05:32,183.3.202.185
2019-10-27  15:05:32,183.3.202.187
2019-10-27  15:05:33,183.3.202.189
2019-10-27  15:05:33,183.3.202.200
2019-10-27  15:05:34,183.3.202.201
2019-10-27  15:05:34,185.103.252.14
2019-10-27  15:05:35,200.40.132.6
2019-10-27  15:05:39,202.106.52.86
2019-10-27  15:05:40,212.129.59.201
2019-10-27  15:05:40,212.91.171.178
2019-10-27  15:05:41,218.65.30.152
2019-10-27  15:05:41,218.89.132.53
2019-10-27  15:05:42,219.157.254.127
2019-10-27  15:05:42,221.181.73.34
2019-10-27  15:05:43,221.194.44.194
2019-10-27  15:05:43,221.194.44.216
2019-10-27  15:05:44,221.194.44.218
2019-10-27  15:05:44,221.194.44.219
2019-10-27  15:05:45,221.194.44.223
2019-10-27  15:05:45,221.194.44.227
2019-10-27  15:05:46,221.229.162.7
2019-10-27  15:05:46,221.229.166.101
2019-10-27  15:05:47,221.229.172.102
2019-10-27  15:05:47,221.229.172.7
2019-10-27  15:05:47,221.232.129.51
2019-10-27  15:05:48,222.171.202.10
2019-10-27  15:05:48,222.186.129.243
2019-10-27  15:05:49,222.186.15.79
2019-10-27  15:05:49,222.186.21.101
2019-10-27  15:05:50,222.186.21.212
2019-10-27  15:05:50,222.186.21.72
2019-10-27  15:05:50,222.186.21.80
2019-10-27  15:05:51,222.186.21.90
2019-10-27  15:05:51,222.186.23.100
2019-10-27  15:05:52,222.186.30.211
2019-10-27  15:05:52,222.186.31.181
2019-10-27  15:05:53,222.186.34.143
2019-10-27  15:05:53,222.186.34.200
2019-10-27  15:05:53,222.186.34.225
2019-10-27  15:05:54,222.186.34.73
2019-10-27  15:05:54,222.186.42.174
2019-10-27  15:05:55,222.186.51.178
2019-10-27  15:05:55,222.186.56.92
2019-10-27  15:05:56,223.105.0.130
2019-10-27  15:05:56,23.92.179.118
2019-10-27  15:05:57,27.74.252.208
2019-10-27  15:05:57,45.35.20.209
2019-10-27  15:05:58,58.218.199.166
2019-10-27  15:05:58,58.218.199.96
2019-10-27  15:05:59,58.218.204.107
2019-10-27  15:05:59,58.218.204.211
2019-10-27  15:06:00,58.218.204.215
2019-10-27  15:06:00,58.218.204.23
2019-10-27  15:06:01,58.218.204.30
2019-10-27  15:06:01,58.218.204.32
2019-10-27  15:06:02,58.218.204.80
2019-10-27  15:06:02,58.218.205.101
2019-10-27  15:06:02,58.218.205.97
2019-10-27  15:06:03,58.218.211.11
2019-10-27  15:06:03,58.218.211.17
2019-10-27  15:06:04,58.218.211.244
2019-10-27  15:06:04,59.51.24.186
2019-10-27  15:06:05,61.161.219.110
2019-10-27  15:06:05,64.211.24.227
2019-10-27  15:06:05,89.238.64.148
2019-10-27  15:06:06,91.224.160.10
2019-10-27  15:06:06,91.224.161.39
2021-04-06  16:06:55,117.21.173.4
2021-04-06  16:07:16,118.244.158.237
2021-04-06  16:07:36,119.147.137.10
2021-04-06  16:07:56,120.24.226.229
2021-04-06  16:08:17,121.18.238.10
2021-04-06  16:08:37,121.18.238.11
2021-04-06  16:08:57,121.18.238.12
2021-04-06  16:09:18,121.18.238.19
2021-04-06  16:09:39,121.18.238.20
2021-04-06  16:09:59,121.18.238.22
2021-04-06  16:10:20,121.18.238.31
2021-04-06  16:10:40,121.18.238.32
2021-04-06  16:11:01,121.18.238.6
2021-04-06  16:11:21,121.18.238.7
2021-04-06  16:11:41,121.18.238.8
2021-04-06  16:12:02,121.18.238.9
2021-04-06  16:12:22,121.54.169.125
2021-04-06  16:12:42,122.194.229.6
2021-04-06  16:13:03,122.226.131.132
2021-04-06  16:13:23,123.16.189.200
2021-04-06  16:13:43,124.224.177.182
2021-04-06  16:14:04,125.88.146.116
2021-04-06  16:14:24,125.88.146.119
2021-04-06  16:14:45,125.88.177.87
2021-04-06  16:15:05,125.88.177.90
2021-04-06  16:15:25,125.88.177.93
2021-04-06  16:15:46,125.88.177.98
2021-04-06  16:16:06,173.254.236.13
2021-04-06  16:16:26,175.126.103.65
2021-04-06  16:16:47,180.97.215.79
2021-04-06  16:17:07,183.3.202.108
2021-04-06  16:17:27,183.3.202.109
2021-04-06  16:17:48,183.3.202.119
2021-04-06  16:18:08,183.3.202.143
2021-04-06  16:18:28,183.3.202.185
2021-04-06  16:18:49,183.3.202.187
2021-04-06  16:19:09,183.3.202.189
2021-04-06  16:19:29,183.3.202.200
2021-04-06  16:19:50,183.3.202.201
2021-04-06  16:20:10,185.103.252.14
2021-04-06  16:20:31,200.40.132.6
2021-04-06  16:20:51,202.106.52.86
2021-04-06  16:21:11,212.129.59.201
2021-04-06  16:21:32,212.91.171.178
2021-04-06  16:21:52,218.65.30.152
2021-04-06  16:22:12,218.89.132.53
2021-04-06  16:22:33,219.157.254.127
2021-04-06  16:22:53,221.181.73.34
2021-04-06  16:23:13,221.194.44.194
2021-04-06  16:23:34,221.194.44.216
2021-04-06  16:23:54,221.194.44.218
2021-04-06  16:24:14,221.194.44.219
2021-04-06  16:24:35,221.194.44.223
2021-04-06  16:24:56,221.194.44.227
2021-04-06  16:25:16,221.229.162.7
2021-04-06  16:25:36,221.229.166.101
2021-04-06  16:25:57,221.229.172.102
2021-04-06  16:26:17,221.229.172.7
2021-04-06  16:26:37,221.232.129.51
2021-04-06  16:26:58,222.171.202.10
2021-04-06  16:27:18,222.186.129.243
2021-04-06  16:27:39,222.186.15.79
2021-04-06  16:27:59,222.186.21.101
2021-04-06  16:28:19,222.186.21.212
2021-04-06  16:28:40,222.186.21.72
2021-04-06  16:29:00,222.186.21.80
2021-04-06  16:29:20,222.186.21.90
2021-04-06  16:29:41,222.186.23.100
2021-04-06  16:30:01,222.186.30.211
2021-04-06  16:30:21,222.186.31.181
2021-04-06  16:30:42,222.186.34.143
2021-04-06  16:31:02,222.186.34.200
2021-04-06  16:31:22,222.186.34.225
2021-04-06  16:31:43,222.186.34.73
2021-04-06  16:32:03,222.186.42.174
2021-04-06  16:32:23,222.186.51.178
2021-04-06  16:32:44,222.186.56.92
2021-04-06  16:33:04,223.105.0.130
2021-04-06  16:33:24,23.92.179.118
2021-04-06  16:33:45,27.74.252.208
2021-04-06  16:34:05,45.35.20.209
2021-04-06  16:34:26,58.218.199.166
2021-04-06  16:34:46,58.218.199.96
2021-04-06  16:35:06,58.218.204.107
2021-04-06  16:35:27,58.218.204.211
2021-04-06  16:35:47,58.218.204.215
2021-04-06  16:36:07,58.218.204.23
2021-04-06  16:36:28,58.218.204.30
2021-04-06  16:36:48,58.218.204.32
2021-04-06  16:37:08,58.218.204.80
2021-04-06  16:37:29,58.218.205.101
2021-04-06  16:37:49,58.218.205.97
2021-04-06  16:38:09,58.218.211.11
2021-04-06  16:38:30,58.218.211.17
2021-04-06  16:38:50,58.218.211.244
2021-04-06  16:39:10,59.51.24.186
2021-04-06  16:39:31,61.161.219.110
2021-04-06  16:39:51,64.211.24.227
2021-04-06  16:40:12,89.238.64.148
2021-04-06  16:40:32,91.224.160.10
2021-04-06  16:40:52,91.224.161.39
2020-03-21  16:02:05,1.85.62.39
2020-03-21  16:02:26,101.227.249.53
2020-03-21  16:02:46,104.148.71.143
2020-03-21  16:03:06,104.217.216.147
2020-03-21  16:03:27,104.238.141.45
2020-03-21  16:03:47,112.64.154.126
2020-03-21  16:04:08,112.85.218.11
2020-03-21  16:04:28,115.231.16.66
2020-03-21  16:04:48,115.231.217.119
2020-03-21  16:05:09,116.196.15.91
2020-03-21  16:05:29,116.31.116.24
2020-03-21  16:05:49,116.31.116.25
2020-03-21  16:06:10,116.31.116.26
2020-03-21  16:06:31,116.31.116.27
2020-03-21  16:06:51,116.31.116.28
2020-03-21  16:07:12,117.21.173.4
2020-03-21  16:07:33,118.244.158.237
2020-03-21  16:07:53,119.147.137.10
2020-03-21  16:08:14,120.24.226.229
2020-03-21  16:08:34,121.18.238.10
2020-03-21  16:08:54,121.18.238.11
2020-03-21  16:09:15,121.18.238.12
2020-03-21  16:09:35,121.18.238.19
2020-03-21  16:09:56,121.18.238.20
2020-03-21  16:10:17,121.18.238.22
2020-03-21  16:10:37,121.18.238.31
2020-03-21  16:10:57,121.18.238.32
2020-03-21  16:11:18,121.18.238.6
2020-03-21  16:11:38,121.18.238.7
2020-03-21  16:11:59,121.18.238.8
2020-03-21  16:12:19,121.18.238.9
2020-03-21  16:12:39,121.54.169.125
2020-03-21  16:13:00,122.194.229.6
2020-03-21  16:13:20,122.226.131.132
2020-03-21  16:13:40,123.16.189.200
2020-03-21  16:14:01,124.224.177.182
2020-03-21  16:14:21,125.88.146.116
2020-03-21  16:14:41,125.88.146.119
2020-03-21  16:15:02,125.88.177.87
2020-03-21  16:15:22,125.88.177.90
2020-03-21  16:15:42,125.88.177.93
2020-03-21  16:16:03,125.88.177.98
2020-03-21  16:16:23,173.254.236.13
2020-03-21  16:16:44,175.126.103.65
2020-03-21  16:17:04,180.97.215.79
2020-03-21  16:17:24,183.3.202.108
2020-03-21  16:17:45,183.3.202.109
2020-03-21  16:18:05,183.3.202.119
2020-03-21  16:18:25,183.3.202.143
2020-03-21  16:18:46,183.3.202.185
2020-03-21  16:19:06,183.3.202.187
2020-03-21  16:19:26,183.3.202.189
2020-03-21  16:19:47,183.3.202.200
2020-03-21  16:20:07,183.3.202.201
2020-03-21  16:20:27,185.103.252.14
2020-03-21  16:20:48,200.40.132.6
2020-03-21  16:21:08,202.106.52.86
2020-03-21  16:21:28,212.129.59.201
2020-03-21  16:21:49,212.91.171.178
2020-03-21  16:22:09,218.65.30.152
2020-03-21  16:22:29,218.89.132.53
2020-03-21  16:22:50,219.157.254.127
2020-03-21  16:23:10,221.181.73.34
2020-03-21  16:23:31,221.194.44.194
2020-03-21  16:23:51,221.194.44.216
2020-03-21  16:24:11,221.194.44.218
2020-03-21  16:24:32,221.194.44.219
2020-03-21  16:24:52,221.194.44.223
2020-03-21  16:25:13,221.194.44.227
2020-03-21  16:25:33,221.229.162.7
2020-03-21  16:25:54,221.229.166.101
2020-03-21  16:26:14,221.229.172.102
2020-03-21  16:26:34,221.229.172.7
2020-03-21  16:26:55,221.232.129.51
2020-03-21  16:27:15,222.171.202.10
2020-03-21  16:27:35,222.186.129.243
2020-03-21  16:27:56,222.186.15.79
2020-03-21  16:28:16,222.186.21.101
2020-03-21  16:28:36,222.186.21.212
2020-03-21  16:28:57,222.186.21.72
2020-03-21  16:29:17,222.186.21.80
2020-03-21  16:29:37,222.186.21.90
2020-03-21  16:29:58,222.186.23.100
2020-03-21  16:30:18,222.186.30.211
2020-03-21  16:30:39,222.186.31.181
2020-03-21  16:30:59,222.186.34.143
2020-03-21  16:31:19,222.186.34.200
2020-03-21  16:31:40,222.186.34.225
2020-03-21  16:32:00,222.186.34.73
2020-03-21  16:32:20,222.186.42.174
2020-03-21  16:32:41,222.186.51.178
2020-03-21  16:33:01,222.186.56.92
2020-03-21  16:33:21,223.105.0.130
2020-03-21  16:33:42,23.92.179.118
2020-03-21  16:34:02,27.74.252.208
2020-03-21  16:34:22,45.35.20.209
2020-03-21  16:34:43,58.218.199.166
2020-03-21  16:35:03,58.218.199.96
2020-03-21  16:35:23,58.218.204.107
2020-03-21  16:35:44,58.218.204.211
2020-03-21  16:36:04,58.218.204.215
2020-03-21  16:36:25,58.218.204.23
2020-03-21  16:36:45,58.218.204.30
2020-03-21  16:37:05,58.218.204.32
2020-03-21  16:37:26,58.218.204.80
2020-03-21  16:37:46,58.218.205.101
2020-03-21  16:38:06,58.218.205.97
2020-03-21  16:38:27,58.218.211.11
2020-03-21  16:38:47,58.218.211.17
2020-03-21  16:39:07,58.218.211.244
2020-03-21  16:39:28,59.51.24.186
2020-03-21  16:39:48,61.161.219.110
2020-03-21  16:40:08,64.211.24.227
2020-03-21  16:40:29,89.238.64.148
2020-03-21  16:40:49,91.224.160.10
2020-03-21  16:41:09,91.224.161.39
2020-05-14  22:12:37,1.85.62.39
2020-05-14  22:12:57,101.227.249.53
2020-05-14  22:13:18,104.148.71.143
2020-05-14  22:13:38,104.217.216.147
2020-05-14  22:13:58,104.238.141.45
2020-05-14  22:14:19,112.64.154.126
2020-05-14  22:14:39,112.85.218.11
2020-05-14  22:14:59,115.231.16.66
2020-05-14  22:15:20,115.231.217.119
2020-05-14  22:15:40,116.196.15.91
2020-05-14  22:16:00,116.31.116.24
2020-05-14  22:16:21,116.31.116.25
2020-05-14  22:16:41,116.31.116.26
2020-05-14  22:17:03,116.31.116.27
2020-05-14  22:17:23,116.31.116.28
2020-09-25  15:15:45,117.21.173.4
2020-09-25  15:16:05,118.244.158.237
2020-09-25  15:16:25,119.147.137.10
2020-09-25  15:16:46,120.24.226.229
2020-09-25  15:17:06,121.18.238.10
2020-09-25  15:17:26,121.18.238.11
2020-09-25  15:17:47,121.18.238.12
2020-09-25  15:18:07,121.18.238.19
2020-09-25  15:18:28,121.18.238.20
2020-09-25  15:18:49,121.18.238.22
2020-09-25  15:19:09,121.18.238.31
2020-09-25  15:19:30,121.18.238.32
2020-09-25  15:19:50,121.18.238.6
2020-09-25  15:20:10,121.18.238.7
2020-09-25  15:20:31,121.18.238.8
2020-09-25  15:20:51,121.18.238.9
2020-09-25  15:21:12,121.54.169.125
2020-09-25  15:21:32,122.194.229.6
2020-09-25  15:21:52,122.226.131.132
2020-09-25  15:22:13,123.16.189.200
2020-09-25  15:22:33,124.224.177.182
2020-09-25  15:22:53,125.88.146.116
2020-09-25  15:23:14,125.88.146.119
2020-09-25  15:23:34,125.88.177.87
2020-09-25  15:23:54,125.88.177.90
2020-09-25  15:24:15,125.88.177.93
2020-09-25  15:24:35,125.88.177.98
2020-09-25  15:24:55,173.254.236.13
2020-09-25  15:25:16,175.126.103.65
2020-09-25  15:25:36,180.97.215.79
2020-09-25  15:25:57,183.3.202.108
2020-09-25  15:26:17,183.3.202.109
2020-09-25  15:26:37,183.3.202.119
2020-09-25  15:26:58,183.3.202.143
2020-09-25  15:27:18,183.3.202.185
2020-09-25  15:27:38,183.3.202.187
2020-09-25  15:27:59,183.3.202.189
2020-09-25  15:28:19,183.3.202.200
2020-09-25  15:28:39,183.3.202.201
2020-09-25  15:29:00,185.103.252.14
2020-09-25  15:29:20,200.40.132.6
2020-09-25  15:29:40,202.106.52.86
2020-09-25  15:30:01,212.129.59.201
2020-09-25  15:30:21,212.91.171.178
2020-09-25  15:30:41,218.65.30.152
2020-09-25  15:31:02,218.89.132.53
2020-09-25  15:31:22,219.157.254.127
2020-09-25  15:31:42,221.181.73.34
2020-09-25  15:32:03,221.194.44.194
2020-09-25  15:32:23,221.194.44.216
2020-09-25  15:32:44,221.194.44.218
2020-09-25  15:33:04,221.194.44.219
2020-09-25  15:33:25,221.194.44.223
2020-09-25  15:33:45,221.194.44.227
2020-09-25  15:34:06,221.229.162.7
2020-09-25  15:34:26,221.229.166.101
2020-09-25  15:34:46,221.229.172.102
2020-09-25  15:35:06,221.229.172.7
2020-09-25  15:35:27,221.232.129.51
2020-09-25  15:35:47,222.171.202.10
2020-09-25  15:36:08,222.186.129.243
2020-09-25  15:36:28,222.186.15.79
2020-09-25  15:36:48,222.186.21.101
2020-09-25  15:37:09,222.186.21.212
2020-09-25  15:37:29,222.186.21.72
2020-09-25  15:37:49,222.186.21.80
2020-09-25  15:38:10,222.186.21.90
2020-09-25  15:38:30,222.186.23.100
2020-09-25  15:38:50,222.186.30.211
2020-09-25  15:39:11,222.186.31.181
2020-09-25  15:39:31,222.186.34.143
2020-09-25  15:39:51,222.186.34.200
2020-09-25  15:40:12,222.186.34.225
2020-09-25  15:40:32,222.186.34.73
2020-09-25  15:40:53,222.186.42.174
2020-09-25  15:41:13,222.186.51.178
2020-09-25  15:41:33,222.186.56.92
2020-09-25  15:41:54,223.105.0.130
2020-09-25  15:42:14,23.92.179.118
2020-09-25  15:42:34,27.74.252.208
2020-09-25  15:42:55,45.35.20.209
2020-09-25  15:43:10,58.218.199.166
2020-09-25  15:43:11,58.218.199.96
2020-09-25  15:43:11,58.218.204.107
2020-09-25  15:43:11,58.218.204.211
2020-09-25  15:43:12,58.218.204.215
2020-09-25  15:43:12,58.218.204.23
2020-09-25  15:43:13,58.218.204.30
2020-09-25  15:43:13,58.218.204.32
2020-09-25  15:43:14,58.218.204.80
2020-09-25  15:43:14,58.218.205.101
2020-09-25  15:43:15,58.218.205.97
2020-09-25  15:43:15,58.218.211.11
2020-09-25  15:43:15,58.218.211.17
2020-09-25  15:43:16,58.218.211.244
2020-09-25  15:43:16,59.51.24.186
2020-09-25  15:43:17,61.161.219.110
2020-09-25  15:43:17,64.211.24.227
2020-09-25  15:43:18,89.238.64.148
2020-09-25  15:43:22,91.224.160.10
2020-09-25  15:43:23,91.224.161.39
2021-04-06  16:01:49,1.85.62.39
2021-04-06  16:02:09,101.227.249.53
2021-04-06  16:02:30,104.148.71.143
2021-04-06  16:02:50,104.217.216.147
2021-04-06  16:03:11,104.238.141.45
2021-04-06  16:03:31,112.64.154.126
2021-04-06  16:03:51,112.85.218.11
2021-04-06  16:04:12,115.231.16.66
2021-04-06  16:04:32,115.231.217.119
2021-04-06  16:04:52,116.196.15.91
2021-04-06  16:05:13,116.31.116.24
2021-04-06  16:05:33,116.31.116.25
2021-04-06  16:05:53,116.31.116.26
2021-04-06  16:06:15,116.31.116.27
2021-04-06  16:06:35,116.31.116.28
2019-11-26  16:58:51,1.85.62.39
2019-11-26  16:58:51,101.227.249.53
2019-11-26  16:58:51,104.148.71.143
2019-11-26  16:58:51,104.217.216.147
2019-11-26  16:58:52,104.238.141.45
2019-11-26  16:58:52,112.64.154.126
2019-11-26  16:58:52,112.85.218.11
2019-11-26  16:58:52,115.231.16.66
2019-11-26  16:58:52,115.231.217.119
2019-11-26  16:58:53,116.196.15.91
2019-11-26  16:58:53,116.31.116.24
2019-11-26  16:58:53,116.31.116.25
2019-11-26  16:58:53,116.31.116.26
2019-11-26  16:58:54,116.31.116.27
2019-11-26  16:58:54,116.31.116.28
2019-11-26  16:58:54,117.21.173.4
2019-11-26  16:58:54,118.244.158.237
2019-11-26  16:58:54,119.147.137.10
2019-11-26  16:58:55,120.24.226.229
2019-11-26  16:58:55,121.18.238.10
2019-11-26  16:58:55,121.18.238.11
2019-11-26  16:58:55,121.18.238.12
2019-11-26  16:58:55,121.18.238.19
2019-11-26  16:58:56,121.18.238.20
2019-11-26  16:58:56,121.18.238.22
2019-11-26  16:58:56,121.18.238.31
2019-11-26  16:58:56,121.18.238.32
2019-11-26  16:58:57,121.18.238.6
2019-11-26  16:58:57,121.18.238.7
2019-11-26  16:58:57,121.18.238.8
2019-11-26  16:58:57,121.18.238.9
2019-11-26  16:58:57,121.54.169.125
2019-11-26  16:58:58,122.194.229.6
2019-11-26  16:58:58,122.226.131.132
2019-11-26  16:58:58,123.16.189.200
2019-11-26  16:58:58,124.224.177.182
2019-11-26  16:58:58,125.88.146.116
2019-11-26  16:58:59,125.88.146.119
2019-11-26  16:58:59,125.88.177.87
2019-11-26  16:58:59,125.88.177.90
2019-11-26  16:58:59,125.88.177.93
2019-11-26  16:59:00,125.88.177.98
2019-11-26  16:59:00,173.254.236.13
2019-11-26  16:59:00,175.126.103.65
2019-11-26  16:59:00,180.97.215.79
2019-11-26  16:59:00,183.3.202.108
2019-11-26  16:59:01,183.3.202.109
2019-11-26  16:59:01,183.3.202.119
2019-11-26  16:59:01,183.3.202.143
2019-11-26  16:59:01,183.3.202.185
2019-11-26  16:59:01,183.3.202.187
2019-11-26  16:59:02,183.3.202.189
2019-11-26  16:59:02,183.3.202.200
2019-11-26  16:59:02,183.3.202.201
2019-11-26  16:59:02,185.103.252.14
2019-11-26  16:59:03,200.40.132.6
2019-11-26  16:59:03,202.106.52.86
2019-11-26  16:59:03,212.129.59.201
2019-11-26  16:59:03,212.91.171.178
2019-11-26  16:59:03,218.65.30.152
2019-11-26  16:59:04,218.89.132.53
2019-11-26  16:59:04,219.157.254.127
2019-11-26  16:59:04,221.181.73.34
2019-11-26  16:59:04,221.194.44.194
2019-11-26  16:59:04,221.194.44.216
2019-11-26  16:59:05,221.194.44.218
2019-11-26  16:59:05,221.194.44.219
2019-11-26  16:59:05,221.194.44.223
2019-11-26  16:59:05,221.194.44.227
2019-11-26  16:59:06,221.229.162.7
2019-11-26  16:59:06,221.229.166.101
2019-11-26  16:59:06,221.229.172.102
2019-11-26  16:59:06,221.229.172.7
2019-11-26  16:59:06,221.232.129.51
2019-11-26  16:59:07,222.171.202.10
2019-11-26  16:59:07,222.186.129.243
2019-11-26  16:59:07,222.186.15.79
2019-11-26  16:59:07,222.186.21.101
2019-11-26  16:59:07,222.186.21.212
2019-11-26  16:59:08,222.186.21.72
2019-11-26  16:59:08,222.186.21.80
2019-11-26  16:59:08,222.186.21.90
2019-11-26  16:59:08,222.186.23.100
2019-11-26  16:59:09,222.186.30.211
2019-11-26  16:59:09,222.186.31.181
2019-11-26  16:59:09,222.186.34.143
2019-11-26  16:59:09,222.186.34.200
2019-11-26  16:59:09,222.186.34.225
2019-11-26  16:59:10,222.186.34.73
2019-11-26  16:59:10,222.186.42.174
2019-11-26  16:59:10,222.186.51.178
2019-11-26  16:59:10,222.186.56.92
2019-11-26  16:59:10,223.105.0.130
2019-11-26  16:59:11,23.92.179.118
2019-11-26  16:59:11,27.74.252.208
2019-11-26  16:59:11,45.35.20.209
2019-11-26  16:59:11,58.218.199.166
2019-11-26  16:59:12,58.218.199.96
2019-11-26  16:59:12,58.218.204.107
2019-11-26  16:59:12,58.218.204.211
2019-11-26  16:59:12,58.218.204.215
2019-11-26  16:59:12,58.218.204.23
2019-11-26  16:59:13,58.218.204.30
2019-11-26  16:59:13,58.218.204.32
2019-11-26  16:59:13,58.218.204.80
2019-11-26  16:59:13,58.218.205.101
2019-11-26  16:59:13,58.218.205.97
2019-11-26  16:59:14,58.218.211.11
2019-11-26  16:59:14,58.218.211.17
2019-11-26  16:59:14,58.218.211.244
2019-11-26  16:59:14,59.51.24.186
2019-11-26  16:59:15,61.161.219.110
2019-11-26  16:59:15,64.211.24.227
2019-11-26  16:59:15,89.238.64.148
2019-11-26  16:59:15,91.224.160.10
2019-11-26  16:59:15,91.224.161.39
2020-01-29  09:56:51,1.85.62.39
2020-01-29  09:57:06,101.227.249.53
2020-01-29  09:57:07,104.148.71.143
2020-01-29  09:57:08,104.217.216.147
2020-01-29  09:57:09,104.238.141.45
2020-01-29  09:57:36,112.64.154.126
2020-01-29  09:57:36,112.85.218.11
2020-01-29  09:57:37,115.231.16.66
2020-01-29  09:57:37,115.231.217.119
2020-01-29  09:57:38,116.196.15.91
2020-01-29  09:57:38,116.31.116.24
2020-01-29  09:57:39,116.31.116.25
2020-01-29  09:57:39,116.31.116.26
2020-01-29  09:57:40,116.31.116.27
2020-01-29  09:57:41,116.31.116.28
2020-01-29  09:57:41,117.21.173.4
2020-01-29  09:57:42,118.244.158.237
2020-01-29  09:57:42,119.147.137.10
2020-01-29  09:57:43,120.24.226.229
2020-01-29  09:57:43,121.18.238.10
2020-01-29  09:57:43,121.18.238.11
2020-01-29  09:57:44,121.18.238.12
2020-01-29  09:57:44,121.18.238.19
2020-01-29  09:57:46,121.18.238.20
2020-01-29  09:57:46,121.18.238.22
2020-01-29  09:57:50,121.18.238.31
2020-01-29  09:57:50,121.18.238.32
2020-01-29  09:57:51,121.18.238.6
2020-01-29  09:57:51,121.18.238.7
2020-01-29  09:57:52,121.18.238.8
2020-01-29  09:57:52,121.18.238.9
2020-01-29  09:57:53,121.54.169.125
2020-01-29  09:57:53,122.194.229.6
2020-01-29  09:57:53,122.226.131.132
2020-01-29  09:57:54,123.16.189.200
2020-01-29  09:57:54,124.224.177.182
2020-01-29  09:57:55,125.88.146.116
2020-01-29  09:57:55,125.88.146.119
2020-01-29  09:57:56,125.88.177.87
2020-01-29  09:57:56,125.88.177.90
2020-01-29  09:57:57,125.88.177.93
2020-01-29  09:57:57,125.88.177.98
2020-01-29  09:57:57,173.254.236.13
2020-01-29  09:57:58,175.126.103.65
2020-01-29  09:57:59,180.97.215.79
2020-01-29  09:57:59,183.3.202.108
2020-01-29  09:57:59,183.3.202.109
2020-01-29  09:58:00,183.3.202.119
2020-01-29  09:58:00,183.3.202.143
2020-01-29  09:58:01,183.3.202.185
2020-01-29  09:58:01,183.3.202.187
2020-01-29  09:58:02,183.3.202.189
2020-01-29  09:58:02,183.3.202.200
2020-01-29  09:58:02,183.3.202.201
2020-01-29  09:58:03,185.103.252.14
2020-01-29  09:58:03,200.40.132.6
2020-01-29  09:58:04,202.106.52.86
2020-01-29  09:58:05,212.129.59.201
2020-01-29  09:58:05,212.91.171.178
2020-01-29  09:58:06,218.65.30.152
2020-01-29  09:58:06,218.89.132.53
2020-01-29  09:58:07,219.157.254.127
2020-01-29  09:58:07,221.181.73.34
2020-01-29  09:58:07,221.194.44.194
2020-01-29  09:58:08,221.194.44.216
2020-01-29  09:58:08,221.194.44.218
2020-01-29  09:58:09,221.194.44.219
2020-01-29  09:58:10,221.194.44.223
2020-01-29  09:58:10,221.194.44.227
2020-01-29  09:58:10,221.229.162.7
2020-01-29  09:58:11,221.229.166.101
2020-01-29  09:58:11,221.229.172.102
2020-01-29  09:58:12,221.229.172.7
2020-01-29  09:58:12,221.232.129.51
2020-01-29  09:58:13,222.171.202.10
2020-01-29  09:58:13,222.186.129.243
2020-01-29  09:58:13,222.186.15.79
2020-01-29  09:58:14,222.186.21.101
2020-01-29  09:58:14,222.186.21.212
2020-01-29  09:58:15,222.186.21.72
2020-01-29  09:58:15,222.186.21.80
2020-01-29  09:58:16,222.186.21.90
2020-01-29  09:58:16,222.186.23.100
2020-01-29  09:58:16,222.186.30.211
2020-01-29  09:58:17,222.186.31.181
2020-01-29  09:58:17,222.186.34.143
2020-01-29  09:58:18,222.186.34.200
2020-01-29  09:58:18,222.186.34.225
2020-01-29  09:58:19,222.186.34.73
2020-01-29  09:58:19,222.186.42.174
2020-01-29  09:58:19,222.186.51.178
2020-01-29  09:58:20,222.186.56.92
2020-01-29  09:58:20,223.105.0.130
2020-01-29  09:58:21,23.92.179.118
2020-01-29  09:58:21,27.74.252.208
2020-01-29  09:58:22,45.35.20.209
2020-01-29  09:58:23,58.218.199.166
2020-01-29  09:58:23,58.218.199.96
2020-01-29  09:58:23,58.218.204.107
2020-01-29  09:58:24,58.218.204.211
2020-01-29  09:58:24,58.218.204.215
2020-01-29  09:58:25,58.218.204.23
2020-01-29  09:58:25,58.218.204.30
2020-01-29  09:58:26,58.218.204.32
2020-01-29  09:58:26,58.218.204.80
2020-01-29  09:58:26,58.218.205.101
2020-01-29  09:58:27,58.218.205.97
2020-01-29  09:58:27,58.218.211.11
2020-01-29  09:58:28,58.218.211.17
2020-01-29  09:58:28,58.218.211.244
2020-01-29  09:58:29,59.51.24.186
2020-01-29  09:58:29,61.161.219.110
2020-01-29  09:58:29,64.211.24.227
2020-01-29  09:58:30,89.238.64.148
2020-01-29  09:58:30,91.224.160.10
2020-01-29  09:58:31,91.224.161.39
